Player,Age,Pos,GP,G,A,PTS,+/-,PIM,EVG,PPG,SHG,GWG,EV,PP,SH,SOG,SPCT,TSA,ATOI,FOW,FOL,FO%,BLK,HIT,TAKE,GIVE
Nikita Kucherov,31,RW,78,37,84,121,22,45,29,8,0,9,46,38,0,265,14,550,21:11,1,1,50,33,23,30,122
Nathan MacKinnon,29,C,79,32,84,116,25,41,23,9,0,5,55,29,0,320,10,590,22:47,756,758,49.9,58,38,27,121
Leon Draisaitl,29,C,71,52,54,106,32,34,36,16,0,11,37,17,0,240,21.7,416,21:31,650,546,54.3,27,23,35,88
David Pastrňák,28,RW,82,43,63,106,0,42,34,9,0,4,49,14,0,319,13.5,624,20:11,3,5,37.5,24,58,40,118
Mitch Marner,27,RW,81,27,75,102,18,14,20,6,1,7,47,27,1,173,15.6,393,21:19,10,24,29.4,40,49,56,106
Connor McDavid,28,C,67,26,74,100,20,37,17,9,0,3,52,22,0,196,13.3,370,22:02,370,406,47.7,18,40,32,74
Kyle Connor,28,LW,82,41,56,97,17,25,30,9,2,8,37,19,0,267,15.4,484,20:24,1,7,12.5,46,21,33,80
Jack Eichel,28,C,77,28,66,94,32,8,22,5,1,3,36,29,1,233,12,403,20:32,572,682,45.6,55,22,28,90
Cale Makar,26,D,80,30,62,92,28,14,16,12,2,4,38,23,1,246,12.2,623,25:43:00,0,0,,128,51,60,113
Sidney Crosby,37,C,80,33,58,91,-20,31,21,12,0,10,43,15,0,227,14.5,415,20:22,1016,766,57,39,67,29,86
Brandon Hagel,26,LW,82,35,55,90,33,58,32,0,3,4,40,11,4,228,15.4,444,20:45,8,15,34.8,60,59,30,96
Clayton Keller,26,C,81,30,60,90,-12,28,20,10,0,5,33,27,0,218,13.8,445,19:07,10,20,33.3,30,11,27,79
Artemi Panarin,33,LW,80,37,52,89,-9,16,29,8,0,3,34,18,0,237,15.6,586,19:41,0,1,0,11,18,25,97
Nick Suzuki,25,C,82,30,59,89,19,8,24,4,2,9,36,23,0,172,17.4,347,20:04,680,638,51.6,70,63,31,86
Jesper Bratt,26,W,81,21,67,88,5,18,15,4,2,2,35,30,2,180,11.7,391,18:57,0,3,0,42,96,11,62
Mikko Rantanen,28,RW,82,32,56,88,13,60,21,11,0,6,41,15,0,212,15.1,444,21:15,135,120,52.9,44,48,40,82
Mark Scheifele,31,C,82,39,48,87,12,61,28,11,0,11,34,14,0,180,21.7,339,20:26,627,641,49.4,60,73,25,105
William Nylander,28,C,82,45,39,84,10,26,33,12,0,8,21,18,0,253,17.8,467,19:31,76,77,49.7,27,14,28,79
Martin Nečas,26,C,79,27,56,83,5,16,15,12,0,8,31,25,0,194,13.9,394,19:00,51,84,37.8,23,62,23,83
Matt Duchene,34,C,82,30,52,82,13,12,22,8,0,6,33,19,0,152,19.7,297,17:09,440,400,52.4,21,29,21,78
Brayden Point,28,C,77,42,40,82,17,7,26,16,0,7,25,15,0,189,22.2,355,19:29,430,456,48.5,45,26,17,45
Dylan Strome,27,C,82,29,53,82,2,34,20,9,0,3,28,25,0,149,19.5,270,17:23,691,596,53.7,54,23,21,79
Zach Werenski,27,D,81,23,59,82,12,31,17,5,1,5,37,20,2,298,7.7,638,26:45:00,0,0,,131,19,49,120
Sam Reinhart,29,C,79,39,42,81,6,27,21,13,5,4,24,17,1,213,18.3,424,20:30,212,302,41.2,62,103,24,74
Robert Thomas,25,C,70,21,60,81,20,20,17,3,1,5,44,16,0,145,14.5,308,19:57,733,605,54.8,48,13,22,99
Jake Guentzel,30,C,80,41,39,80,18,24,23,17,1,5,28,11,0,217,18.9,355,20:00,177,207,46.1,52,28,25,79
Lucas Raymond,22,LW,82,27,53,80,-15,18,18,8,1,5,24,29,0,192,14.1,382,18:47,1,7,12.5,34,42,28,80
Jason Robertson,25,LW,82,35,45,80,10,18,26,9,0,6,35,10,0,211,16.6,407,17:48,7,12,36.8,45,60,24,92
Tim Stützle,23,LW,82,24,55,79,0,46,19,5,0,2,27,28,0,162,14.8,326,19:49,195,213,47.8,45,130,23,69
Auston Matthews,27,C,67,33,45,78,11,20,21,10,2,2,30,15,0,261,12.6,480,20:28,695,528,56.8,89,45,29,62
Filip Forsberg,30,C,82,31,45,76,-27,44,21,10,0,3,29,16,0,281,11,602,18:38,4,13,23.5,52,151,38,113
Quinn Hughes,25,D,68,16,60,76,2,29,12,4,0,3,35,25,0,192,8.3,492,25:44:00,0,0,,67,13,25,97
Travis Konecny,27,RW,82,24,52,76,-17,53,15,8,1,3,41,9,2,188,12.8,404,20:36,39,61,39,42,94,26,96
Sebastian Aho,27,F,79,29,45,74,7,46,21,5,3,9,23,18,4,207,14,447,20:06,663,535,55.3,30,59,23,93
Kirill Marchenko,24,RW,79,31,43,74,29,20,29,2,0,2,26,17,0,207,15,434,18:35,13,28,31.7,38,55,36,84
John Tavares,34,C,75,38,36,74,10,46,26,12,0,8,28,8,0,200,19,342,18:14,762,546,58.3,45,92,24,69
Matt Boldy,23,LW,82,27,46,73,1,51,21,6,0,10,31,15,0,271,10,550,20:17,58,67,46.4,69,52,43,84
Adrian Kempe,28,LW,81,35,38,73,22,36,27,7,1,5,27,11,0,237,14.8,496,19:09,11,13,45.8,36,100,13,78
Alex Ovechkin,39,LW,65,44,29,73,15,14,30,14,0,7,21,8,0,237,18.6,508,17:43,0,2,0,13,110,12,47
Tage Thompson,27,C,76,44,28,72,-2,35,37,7,0,6,19,9,0,242,18.2,506,18:45,301,403,42.8,31,70,21,54
Aleksander Barkov,29,C,67,20,51,71,1,16,10,9,1,4,29,19,3,149,13.4,302,20:15,580,446,56.5,54,87,34,52
Wyatt Johnston,21,C,82,33,38,71,2,14,19,11,3,4,24,14,0,202,16.3,389,18:56,465,444,51.2,47,45,29,57
Cole Caufield,24,RW,82,37,33,70,9,14,27,10,0,8,26,7,0,239,15.5,431,18:05,6,9,40,31,66,23,56
Alex DeBrincat,27,RW,82,39,31,70,-13,29,26,13,0,4,15,16,0,244,16,456,17:52,26,32,44.8,38,33,29,71
Jack Hughes,23,C,62,27,43,70,12,18,20,6,1,7,21,21,1,229,11.8,465,20:54,251,416,37.6,29,7,22,87
Jordan Kyrou,26,C,82,36,34,70,23,20,29,7,0,4,24,10,0,239,15.1,465,17:29,5,10,33.3,36,50,21,79
Dylan Larkin,28,C,82,30,40,70,-16,40,17,13,0,3,26,14,0,234,12.8,456,20:04,871,728,54.5,33,44,39,94
Rickard Rakell,31,RW,81,35,35,70,-22,14,26,9,0,1,25,10,0,203,17.2,409,19:18,19,26,42.2,77,116,20,77
J.T. Miller,31,C,72,22,48,70,-6,55,17,5,0,2,27,17,4,137,16.1,272,18:12,628,450,58.3,50,168,28,71
Nico Hischier,26,C,75,35,34,69,9,20,21,14,0,3,17,15,2,187,18.7,345,20:23,987,790,55.5,60,44,24,53
Drake Batherson,26,C,82,26,42,68,-9,30,13,13,0,3,24,18,0,192,13.5,354,18:09,12,12,50,30,149,23,52
Rasmus Dahlin,24,D,73,17,51,68,11,54,12,5,0,1,34,16,1,200,8.5,433,24:14:00,0,0,,98,101,39,105
JJ Peterka,23,RW,77,27,41,68,-1,34,21,6,0,3,29,12,0,173,15.6,384,18:11,2,10,16.7,16,30,22,87
Connor Bedard,19,C,82,23,44,67,-36,70,12,11,0,5,26,18,0,195,11.8,402,20:17,251,405,38.3,37,47,26,90
Evan Bouchard,25,D,82,14,53,67,14,32,11,3,0,2,30,23,0,235,6,544,23:28,0,0,,108,31,55,128
Roope Hintz,28,LW,76,28,39,67,18,30,20,7,1,7,25,13,1,160,17.5,285,16:53,458,392,53.9,46,53,17,70
Seth Jarvis,22,C,73,32,35,67,12,16,20,7,5,2,21,12,2,204,15.7,392,19:21,52,100,34.2,51,93,32,58
Nazem Kadri,34,C,82,35,32,67,-17,72,26,9,0,5,19,13,0,279,12.5,547,19:21,677,787,46.2,30,55,30,60
Anže Kopitar,37,C,81,21,46,67,14,4,17,4,0,7,27,18,1,98,21.4,197,18:57,879,658,57.2,67,31,30,65
Mark Stone,32,RW,66,19,48,67,22,14,14,5,0,4,27,20,1,131,14.5,227,19:15,5,10,33.3,42,32,38,73
Alex Tuch,28,RW,82,36,31,67,16,47,27,3,6,4,20,8,3,196,18.4,391,19:15,77,111,41,113,73,49,76
Pierre-Luc Dubois,26,LW,82,20,46,66,27,76,16,4,0,4,36,10,0,142,14.1,288,17:18,577,584,49.7,62,65,15,65
Victor Hedman,34,D,79,15,51,66,18,30,11,4,0,1,29,22,0,181,8.3,475,23:05,0,0,,133,39,25,119
Lane Hutson,20,D,82,6,60,66,-2,34,5,1,0,0,35,25,0,91,6.6,297,22:44,0,0,,123,40,56,109
Aliaksei Protas,24,C,76,30,36,66,40,18,27,0,3,6,33,1,2,142,21.1,249,16:27,6,19,24,33,20,19,56
Mikael Granlund,32,C,83,22,44,66,0,28,16,5,1,4,30,14,0,169,13,326,19:27,359,365,49.6,60,57,19,79
Logan Cooley,20,C,75,25,40,65,1,46,18,7,0,2,27,13,0,158,15.8,293,17:52,340,420,44.7,32,63,24,66
Bryan Rust,32,RW,71,31,34,65,-21,18,26,5,0,5,21,13,0,190,16.3,335,19:45,9,8,52.9,54,62,17,64
Tom Wilson,30,RW,81,33,32,65,20,100,20,11,2,6,23,6,3,169,19.5,335,18:44,5,14,26.3,71,233,20,91
Macklin Celebrini,18,F,70,25,38,63,-31,28,17,8,0,4,24,14,0,236,10.6,457,19:47,507,544,48.2,53,37,29,113
Nikolaj Ehlers,28,LW,69,24,39,63,14,17,18,6,0,5,23,16,0,174,13.8,365,15:48,5,14,26.3,33,38,16,52
Dylan Holloway,23,C,77,26,37,63,21,10,20,6,0,8,30,7,0,178,14.6,336,16:49,61,82,42.7,50,165,34,69
Matvei Michkov,20,RW,80,26,37,63,-18,46,18,8,0,3,28,9,0,200,13,359,16:41,19,22,46.3,23,29,14,82
Nick Schmaltz,28,C,82,20,43,63,-15,14,11,9,0,3,27,16,0,186,10.8,374,18:35,185,191,49.2,45,14,31,93
Ryan Donato,28,C,80,31,31,62,-15,41,26,5,0,3,22,9,0,182,17,336,16:19,234,291,44.6,18,104,23,48
Jonathan Huberdeau,31,LW,81,28,34,62,-13,34,15,10,3,6,20,13,1,153,18.3,267,19:33,13,26,33.3,64,50,23,88
Josh Morrissey,29,D,80,14,48,62,17,22,11,3,0,2,29,19,0,172,8.1,433,24:23:00,0,0,,113,49,32,78
Mika Zibanejad,31,C,82,20,42,62,-22,22,13,7,0,0,24,12,6,183,10.9,383,18:46,549,507,52,46,44,29,83
Adam Fox,26,D,74,10,51,61,9,32,8,1,1,2,32,17,2,135,7.4,339,23:15,0,0,,108,40,40,76
Tomáš Hertl,31,C,73,32,29,61,-3,20,18,14,0,3,20,9,0,177,18.1,320,17:07,536,422,55.9,56,99,29,45
Jared McCann,28,C,82,22,39,61,8,18,18,4,0,3,26,12,1,202,10.9,418,17:13,109,135,44.7,50,47,29,66
Gabriel Vilardi,25,C,71,27,34,61,9,14,15,12,0,6,21,13,0,130,20.8,232,18:08,75,77,49.3,50,21,22,41
Kevin Fiala,28,LW,81,35,25,60,-7,38,21,14,0,6,14,11,0,244,14.3,517,18:31,15,22,40.5,22,63,30,88
Dylan Guenther,21,RW,70,27,33,60,-4,26,15,12,0,9,16,17,0,204,13.2,450,17:00,10,19,34.5,42,53,18,55
Marco Rossi,23,C,82,24,36,60,3,26,17,7,0,3,27,9,0,136,17.6,265,18:15,464,528,46.8,41,62,18,60
Anthony Cirelli,27,C,80,27,32,59,30,28,20,3,4,2,27,2,3,160,16.9,291,18:41,647,645,50.1,72,25,21,66
Patrick Kane,36,RW,72,21,38,59,-16,12,9,12,0,6,21,17,0,175,12,334,17:59,5,8,38.5,23,19,13,77
Vincent Trocheck,31,C,82,26,33,59,0,44,15,5,6,7,25,7,1,202,12.9,380,21:06,910,624,59.3,78,214,33,95
William Eklund,22,LW,77,17,41,58,-7,29,10,6,1,2,29,10,2,151,11.3,324,19:33,11,25,30.6,46,54,15,75
Matthew Knies,22,LW,78,29,29,58,7,43,24,5,0,6,18,10,1,152,19.1,258,18:31,0,1,0,41,182,14,51
Teuvo Teräväinen,30,F,82,15,43,58,-23,12,8,7,0,0,24,17,2,111,13.5,224,17:04,60,93,39.2,29,27,23,76
Pavel Buchnevich,29,LW,76,20,37,57,10,23,18,2,0,3,25,10,2,145,13.8,295,19:02,85,143,37.3,32,44,15,70
Morgan Geekie,26,C,77,33,24,57,3,22,29,4,0,4,19,5,0,150,22,307,16:55,173,201,46.3,29,110,31,51
Bo Horvat,29,C,81,28,29,57,-4,16,23,3,2,7,25,4,0,243,11.5,449,20:10,767,552,58.2,40,100,22,91
Kent Johnson,22,C,68,24,33,57,2,16,19,4,1,4,20,11,2,123,19.5,258,17:18,0,8,0,29,3,21,64
Connor McMichael,24,C,82,26,31,57,19,49,22,4,0,5,24,6,1,177,14.7,321,16:49,51,58,46.8,36,39,20,68
Sean Monahan,30,C,54,19,38,57,19,20,12,7,0,2,28,7,3,128,14.8,214,19:01,616,555,52.6,34,30,13,52
Jake Sanderson,22,D,80,11,46,57,-14,12,6,5,0,4,17,25,4,195,5.6,421,24:27:00,0,0,,163,38,53,98
Shea Theodore,29,D,67,7,50,57,18,26,5,2,0,2,33,17,0,128,5.5,333,22:00,0,0,,82,6,28,105
Matthew Tkachuk,27,LW,52,22,35,57,-3,54,11,11,0,2,23,12,0,156,14.1,316,18:14,1,4,20,12,84,10,47
Kirill Kaprizov,27,LW,41,25,31,56,19,16,21,4,0,5,21,10,0,145,17.2,311,22:28,0,2,0,17,16,12,59
Jonathan Marchessault,34,C,78,21,35,56,-29,37,17,4,0,4,16,19,0,206,10.2,381,17:59,17,50,25.4,25,77,10,89
Brock Nelson,33,C,80,26,30,56,8,18,20,3,3,7,26,4,0,193,13.5,360,18:55,630,579,52.1,43,35,40,50
Troy Terry,27,C,77,21,34,55,0,20,17,4,0,4,27,7,0,188,11.2,368,18:51,12,20,37.5,29,7,22,68
Brady Tkachuk,25,LW,72,29,26,55,0,123,15,14,0,5,17,9,0,296,9.8,506,18:14,178,169,51.3,33,228,19,48
Quinton Byfield,22,C,81,23,31,54,16,46,19,3,1,4,27,4,0,157,14.6,352,18:37,416,526,44.2,33,80,24,68
Adam Fantilli,20,C,82,31,23,54,4,18,28,2,1,3,20,2,1,191,16.2,394,17:29,420,598,41.3,56,113,23,89
Anders Lee,34,LW,82,29,25,54,3,35,24,5,0,3,21,4,0,233,12.4,392,17:04,12,15,44.4,39,121,12,67
Tyler Toffoli,32,C,78,30,24,54,-21,14,24,6,0,1,15,9,0,233,12.9,410,16:56,13,11,54.2,32,54,18,52
Mats Zuccarello,37,LW,69,19,35,54,0,22,16,3,0,6,22,13,0,151,12.6,294,19:39,14,21,40,48,32,29,77
Erik Karlsson,34,D,82,11,42,53,-24,20,9,2,0,1,29,13,0,191,5.8,507,23:14,0,0,,94,29,44,140
Ryan McLeod,25,C,79,20,33,53,13,16,17,0,3,2,28,2,3,97,20.6,199,16:50,630,574,52.3,35,17,26,70
Timo Meier,28,RW,80,26,27,53,7,58,19,7,0,5,21,6,0,238,10.9,525,17:52,8,18,30.8,65,141,22,73
Ryan O'Reilly,33,C,79,21,32,53,-23,24,12,9,0,3,24,8,0,151,13.9,270,18:59,746,593,55.7,72,20,31,64
Mikhail Sergachev,26,D,77,15,38,53,-8,32,11,3,1,3,18,20,0,132,11.4,367,25:07:00,0,0,,140,61,32,126
Steven Stamkos,34,C,82,27,26,53,-36,48,13,14,0,6,19,7,0,174,15.5,356,18:00,395,399,49.7,46,66,18,57
Carter Verhaeghe,29,C,81,20,33,53,-14,46,15,5,0,5,22,11,0,241,8.3,481,17:52,16,28,36.4,28,95,23,81
Jason Zucker,33,LW,73,21,32,53,4,57,10,11,0,4,22,10,0,143,14.7,279,16:00,42,64,39.6,22,68,20,73
Pavel Dorofeyev,24,LW,82,35,17,52,2,30,22,13,0,7,13,4,0,254,13.8,436,16:32,3,13,18.8,37,28,24,55
Mason McTavish,22,C,76,22,30,52,0,38,16,6,0,2,24,6,0,180,12.2,352,16:53,487,474,50.7,31,70,18,51
Ivan Barbashev,29,C,70,23,28,51,26,10,21,2,0,3,27,1,0,111,20.7,231,16:48,12,21,36.4,33,104,18,78
Sam Bennett,28,C,76,25,26,51,-15,90,18,7,0,4,22,4,0,241,10.4,422,17:27,450,523,46.2,45,145,27,57
John Carlson,35,D,79,5,46,51,17,22,4,1,0,0,33,13,0,167,3,393,23:34,0,0,,131,49,36,112
Juraj Slafkovsky,20,LW,79,18,33,51,4,45,13,5,0,1,28,5,0,133,13.5,286,17:21,5,14,26.3,62,194,16,71
Chandler Stephenson,30,C,78,13,38,51,-9,24,10,1,2,1,21,17,0,72,18.1,129,19:31,760,714,51.6,50,33,30,58
Brad Marchand,36,LW,71,23,28,51,-7,64,18,5,0,5,19,8,1,194,11.9,380,18:19,5,8,38.5,34,81,21,86
Brock Boeser,27,RW,75,25,25,50,-25,16,16,9,0,3,14,11,0,145,17.2,321,18:10,15,40,27.3,34,76,18,37
Conor Garland,28,RW,81,19,31,50,-13,52,12,7,0,4,22,9,0,171,11.1,355,18:39,5,13,27.8,58,49,20,63
Claude Giroux,37,C,81,15,35,50,-8,18,11,4,0,3,20,14,1,138,10.9,237,18:12,600,376,61.5,41,64,19,66
Thomas Harley,23,D,78,16,34,50,32,16,15,1,0,3,20,14,0,171,9.4,396,23:23,0,0,,110,33,29,118
Evgeni Malkin,38,C,68,16,34,50,-24,42,12,4,0,3,22,12,0,125,12.8,253,17:47,290,343,45.8,48,32,30,79
Cole Perfetti,23,C,82,18,32,50,14,20,13,5,0,2,22,10,0,143,12.6,284,15:11,21,46,31.3,45,71,20,55
Brayden Schenn,33,C,82,18,32,50,3,61,16,2,0,5,27,5,0,144,12.5,278,17:34,618,564,52.3,55,194,13,56
Jamie Benn,35,LW,80,16,33,49,3,70,15,1,0,4,24,9,0,136,11.8,255,15:18,296,233,56,45,114,13,58
Ryan Nugent-Hopkins,31,C,78,20,29,49,4,24,11,7,2,5,16,13,0,164,12.2,293,18:58,270,287,48.5,48,26,29,49
Jaden Schwartz,32,C,81,26,23,49,-6,24,20,6,0,6,19,4,0,194,13.4,356,17:53,34,34,50,42,43,43,60
Jake DeBrusk,28,LW,82,28,20,48,-15,18,14,14,0,4,15,5,0,171,16.4,304,16:39,11,18,37.9,48,96,13,47
Kyle Palmieri,33,RW,82,24,24,48,-17,20,19,5,0,2,19,4,1,169,14.2,363,18:31,13,20,39.4,48,54,18,55
Andrei Svechnikov,24,RW,72,20,28,48,-8,59,10,10,0,2,20,8,0,180,11.1,378,17:07,1,3,25,22,148,17,99
Jakob Chychrun,26,D,74,20,27,47,17,52,15,5,0,6,17,10,0,179,11.2,458,21:04,0,0,,87,59,35,80
Matthew Coronato,22,RW,77,24,23,47,6,25,19,5,0,4,11,12,0,180,13.3,375,17:35,68,91,42.8,37,36,23,48
Elias Lindholm,30,C,82,17,30,47,-4,14,14,2,1,3,16,12,2,151,11.3,301,18:05,759,615,55.2,79,114,22,39
Mason Marchment,29,F,62,22,25,47,15,53,17,5,0,4,20,5,0,134,16.4,257,15:20,12,13,48,21,79,22,58
Dmitri Voronkov,24,LW,73,23,24,47,17,55,15,8,0,1,21,3,0,154,14.9,260,16:47,37,52,41.6,47,71,11,58
MacKenzie Weegar,31,D,81,8,39,47,18,33,4,4,0,0,20,17,2,184,4.3,474,24:10:00,0,1,0,192,223,52,159
Pavel Zacha,27,C,82,14,33,47,-8,21,10,2,2,5,27,5,1,132,10.6,257,19:04,393,346,53.2,26,63,24,62
Dylan Cozens,23,C,82,16,31,47,-17,68,11,5,0,2,24,7,0,188,8.5,332,17:04,587,573,50.6,45,205,15,68
Tyler Bertuzzi,29,LW,82,23,23,46,-39,51,13,10,0,1,13,10,0,131,17.6,246,16:00,22,25,46.8,28,60,20,53
Warren Foegele,28,LW,82,24,22,46,36,24,23,1,0,7,21,1,0,199,12.1,370,16:10,24,35,40.7,40,74,33,67
Barrett Hayton,24,C,82,20,26,46,-6,45,13,7,0,7,18,8,0,155,12.9,306,16:06,552,468,54.1,44,31,16,46
Jake Neighbours,22,LW,82,22,24,46,0,56,16,6,0,3,18,6,0,122,18,196,15:54,5,13,27.8,56,173,14,51
Moritz Seider,23,D,82,8,38,46,-5,40,4,4,0,0,18,20,0,162,4.9,368,25:04:00,0,0,,181,212,30,85
Pius Suter,28,F,81,25,21,46,2,18,22,2,1,3,17,3,1,138,18.1,263,17:21,373,501,42.7,43,59,19,52
Oliver Bjorkstrand,29,RW,79,21,25,46,2,18,16,5,0,2,18,7,0,154,13.6,303,15:09,3,7,30,26,74,26,65
Leo Carlsson,20,C,76,20,25,45,6,14,15,4,1,5,21,3,1,114,17.5,227,16:14,302,428,41.4,36,24,18,51
Thomas Chabot,28,D,80,9,36,45,17,24,8,1,0,1,29,7,0,179,5,447,23:01,0,0,,145,58,31,99
Sean Couturier,32,C,79,15,30,45,1,41,14,1,0,2,27,3,0,155,9.7,258,17:18,670,525,56.1,45,54,28,78
William Cuylle,22,LW,82,20,25,45,12,42,16,2,2,3,23,1,1,152,13.2,275,15:05,11,22,33.3,50,301,9,48
Shayne Gostisbehere,31,D,70,7,38,45,1,52,3,4,0,0,15,23,0,122,5.7,330,18:31,0,0,,66,41,36,76
Simon Holmström,23,RW,75,20,25,45,5,8,17,2,1,3,18,4,3,96,20.8,208,16:52,1,4,20,55,27,13,48
Alexis Lafrenière,23,LW,82,17,28,45,-13,38,15,2,0,4,26,2,0,153,11.1,302,17:00,13,26,33.3,27,119,25,46
Artturi Lehkonen,29,LW,69,27,18,45,36,34,25,1,1,5,14,4,0,148,18.2,292,20:23,7,9,43.8,39,33,12,55
Anton Lundell,23,C,79,17,28,45,17,36,13,2,2,1,24,4,0,158,10.8,317,16:43,542,481,53,54,110,27,60
Elias Pettersson,26,C,64,15,30,45,-10,14,8,7,0,1,21,9,0,109,13.8,251,18:40,458,506,47.5,77,74,22,45
Will Smith,19,C,74,18,27,45,-15,18,13,5,0,1,20,7,0,127,14.2,277,15:51,65,113,36.5,16,13,13,73
Frank Vatrano,30,LW,81,21,24,45,-9,80,17,3,1,1,22,2,0,234,9,415,17:33,16,18,47.1,69,169,13,52
Cutter Gauthier,21,LW,82,20,24,44,8,20,18,2,0,3,20,4,0,190,10.5,410,14:09,21,35,37.5,51,68,22,81
Luke Hughes,21,D,71,7,37,44,-9,16,7,0,0,1,21,16,0,121,5.8,328,21:09,0,1,0,60,19,33,86
Zach Hyman,32,LW,73,27,17,44,9,32,21,6,0,7,11,6,0,210,12.9,373,18:53,2,3,40,24,59,14,43
Devon Toews,30,D,76,10,34,44,30,26,9,1,0,4,32,2,0,138,7.2,342,24:35:00,0,0,,103,40,35,81
Shane Wright,21,C,79,19,25,44,4,18,12,7,0,2,19,6,0,91,20.9,204,14:04,369,462,44.4,62,54,14,73
Kaapo Kakko,23,RW,79,14,30,44,-2,38,10,4,0,2,26,4,0,117,12,236,15:37,50,50,50,28,68,18,59
Matty Beniers,22,C,82,20,23,43,0,14,15,5,0,2,19,4,0,147,13.6,322,18:41,569,624,47.7,77,42,28,72
Phillip Danault,31,C,80,8,35,43,20,26,7,1,0,3,34,0,1,122,6.6,239,17:40,635,581,52.2,73,83,25,86
Tyson Foerster,23,RW,81,25,18,43,-9,49,19,6,0,2,16,2,0,142,17.6,287,16:52,0,2,0,54,75,16,41
Jackson LaCombe,24,D,75,14,29,43,0,28,12,2,0,2,21,7,1,134,10.4,268,22:18,0,1,0,129,69,35,78
Owen Tippett,25,RW,77,20,23,43,-12,16,20,0,0,2,16,7,0,188,10.6,424,16:00,7,11,38.9,63,115,32,58
Alex Laferriere,23,RW,77,19,23,42,22,20,17,2,0,4,21,2,0,193,9.8,384,16:32,36,61,37.1,43,124,14,48
Jean-Gabriel Pageau,32,C,79,14,28,42,4,23,11,2,1,1,22,3,3,120,11.7,232,17:00,589,399,59.6,57,140,25,47
Taylor Hall,33,LW,77,18,24,42,-14,36,13,5,0,3,20,4,0,144,12.5,307,15:10,43,50,46.2,42,43,34,76
Bobby Brink,23,RW,79,12,29,41,-11,22,10,2,0,2,27,2,0,105,11.4,213,14:50,17,40,29.8,30,98,21,58
Brandon Montour,30,D,81,18,23,41,-22,70,13,5,0,4,17,6,0,231,7.8,531,22:59,0,0,,100,84,25,97
Stefan Noesen,31,RW,78,22,19,41,-8,54,11,11,0,5,15,4,0,165,13.3,284,15:56,41,44,48.2,26,152,14,73
Nick Paul,29,LW,76,22,19,41,13,30,20,2,0,3,15,3,1,141,15.6,255,16:27,393,393,50,31,66,19,48
Morgan Rielly,30,D,82,7,34,41,-8,21,6,1,0,2,20,13,1,126,5.6,303,21:23,0,0,,131,21,20,99
Ryan Strome,31,C,82,10,31,41,-3,70,10,0,0,3,25,6,0,137,7.3,263,16:41,511,715,41.7,36,52,19,66
Fabian Zetterlund,25,W,84,19,22,41,7,14,14,5,0,0,20,2,0,181,10.5,356,16:21,31,21,59.6,81,154,22,50
Evgenii Dadonov,35,RW,80,20,20,40,1,10,15,5,0,2,18,2,0,123,16.3,234,13:32,0,0,,39,44,9,66
Matt Grzelcyk,31,D,82,1,39,40,-6,16,1,0,0,0,24,15,0,94,1.1,258,20:37,0,0,,101,43,32,85
Dougie Hamilton,31,D,64,9,31,40,8,30,4,5,0,3,21,10,0,186,4.8,424,19:51,0,0,,85,74,20,94
Brett Howden,26,C,80,23,17,40,17,46,22,0,1,4,17,0,0,125,18.4,217,14:52,272,244,52.7,56,121,22,42
Trevor Moore,29,LW,71,18,22,40,17,14,16,1,1,2,20,2,0,153,11.8,322,16:53,1,11,8.3,29,71,23,46
Owen Power,22,D,79,7,33,40,-13,16,6,1,0,0,28,5,0,139,5,299,21:19,0,0,,109,26,26,73
Kiefer Sherwood,29,RW,78,19,21,40,-1,35,18,0,1,6,18,2,1,141,13.5,280,14:53,24,32,42.9,30,462,26,49
Cam Fowler,33,D,68,9,31,40,12,14,7,2,0,1,25,6,0,88,10.2,203,21:33,0,0,,87,8,16,63
Casey Mittelstadt,26,C,81,15,25,40,-29,24,12,3,0,3,15,10,0,105,14.3,185,17:04,443,560,44.2,33,30,19,80
Jake Walman,28,D,65,7,33,40,4,42,7,0,0,1,24,8,1,164,4.3,382,22:46,0,0,,145,57,27,80
Reilly Smith,33,RW,79,13,27,40,10,24,9,2,2,4,22,4,1,129,10.1,213,15:26,4,7,36.4,41,48,26,70
Blake Coleman,33,C,82,15,24,39,-2,36,10,4,1,4,21,1,2,194,7.7,382,17:41,38,41,48.1,66,176,31,78
Noah Dobson,25,D,71,10,29,39,-16,28,9,1,0,1,17,11,1,196,5.1,437,23:16,0,0,,126,57,36,108
Vince Dunn,28,D,62,11,28,39,-3,33,9,2,0,3,18,10,0,137,8,321,22:05,0,0,,79,29,25,79
Noah Hanifin,28,D,80,10,29,39,8,14,8,2,0,2,21,8,0,145,6.9,329,21:33,0,0,,106,43,32,112
Neal Pionk,29,D,69,10,29,39,21,44,6,4,0,2,20,8,1,123,8.1,302,22:04,0,0,,101,114,30,72
Jack Quinn,23,RW,74,15,24,39,-18,18,12,3,0,3,14,10,0,123,12.2,277,14:52,1,6,14.3,23,39,12,52
Jack Roslovic,28,C,81,22,17,39,-10,10,21,1,0,2,16,1,0,139,15.8,288,13:49,192,163,54.1,23,14,19,63
Bowen Byram,23,D,82,7,31,38,11,46,7,0,0,2,28,2,1,94,7.4,209,22:42,0,0,,116,75,15,84
Brendan Gallagher,32,RW,82,21,17,38,-6,39,16,5,0,1,15,2,0,148,14.2,303,13:55,0,6,0,38,92,16,62
Roman Josi,34,D,53,9,29,38,-26,18,7,2,0,1,14,15,0,150,6,368,25:02:00,0,0,,95,42,23,75
Vladislav Namestnikov,32,C,78,11,27,38,20,38,9,2,0,1,17,9,1,94,11.7,168,15:05,365,426,46.1,49,84,15,38
Michael Bunting,29,LW,76,19,19,38,-19,68,8,11,0,1,13,6,0,155,12.3,313,15:32,5,8,38.5,19,70,13,58
Logan Stankoven,21,C,78,14,24,38,-1,18,12,2,0,5,18,6,0,194,7.2,343,15:05,87,106,45.1,33,48,20,51
André Burakovsky,29,LW,79,10,27,37,-3,12,10,0,0,1,19,8,0,115,8.7,219,14:25,3,3,50,27,33,18,38
Noah Cates,25,LW,78,16,21,37,3,14,15,1,0,2,19,2,0,110,14.5,214,15:53,493,612,44.6,54,87,21,32
Jonathan Drouin,29,LW,43,11,26,37,4,6,8,3,0,2,17,9,0,56,19.6,113,18:11,9,13,40.9,12,14,15,35
Frédérick Gaudreau,31,C,82,18,19,37,-2,8,13,5,0,2,19,0,0,110,16.4,198,15:40,529,568,48.2,61,47,24,50
Marco Kasper,20,C,77,19,18,37,1,34,17,2,0,3,16,2,0,145,13.1,253,15:27,281,345,44.9,48,156,9,47
Alex Killorn,35,C,82,19,18,37,12,30,18,0,1,5,14,3,1,134,14.2,288,17:17,8,13,38.1,23,77,11,62
Nino Niederreiter,32,RW,82,17,20,37,16,24,13,4,0,3,13,7,0,150,11.3,271,14:51,20,26,43.5,39,152,17,60
Shane Pinto,24,C,70,21,16,37,10,26,17,1,3,5,13,1,2,127,16.5,268,17:33,444,442,50.1,56,73,27,44
Darren Raddysh,28,D,73,6,31,37,9,14,4,2,0,0,24,7,0,108,5.6,282,17:18,0,0,,68,38,10,55
Morgan Frost,25,C,81,14,23,37,-17,22,12,2,0,2,10,13,0,144,9.7,280,15:45,529,504,51.2,60,69,35,66
Andrei Kuzmenko,28,F,66,11,26,37,-6,14,7,4,0,4,17,9,0,83,13.3,183,15:38,1,0,100,22,19,22,57
Zachary Bolduc,21,C,72,19,17,36,20,37,12,7,0,0,12,5,0,120,15.8,245,12:48,5,9,35.7,36,108,17,59
Jake Evans,28,C,82,13,23,36,1,10,10,0,3,5,20,0,3,80,16.3,172,15:33,593,529,52.9,60,124,15,62
Jordan Martinook,32,LW,79,15,21,36,16,18,15,0,0,3,20,0,1,112,13.4,251,15:18,35,37,48.6,52,84,18,53
Dawson Mercer,23,C,82,19,17,36,4,16,12,6,1,3,15,2,0,141,13.5,280,17:53,96,141,40.5,60,41,18,56
Colton Parayko,31,D,64,16,20,36,12,8,14,1,1,4,19,0,1,125,12.8,251,23:45,0,0,,149,92,27,86
Jordan Staal,36,C,75,13,23,36,15,16,11,0,2,3,23,0,0,107,12.1,197,15:26,724,605,54.5,43,138,9,41
James van Riemsdyk,35,LW,71,16,20,36,-4,23,15,1,0,2,19,1,0,85,18.8,149,12:24,6,14,30,16,31,5,40
Seth Jones,30,D,63,9,27,36,-24,22,4,5,0,2,13,14,0,129,7,305,24:38:00,0,0,,109,96,26,82
Nick Foligno,37,LW,78,15,20,35,-17,48,11,2,2,1,18,2,0,104,14.4,163,15:55,341,363,48.4,34,200,16,50
Eeli Tolvanen,25,RW,81,23,12,35,3,23,21,2,0,3,9,3,0,137,16.8,283,14:19,5,6,45.5,65,237,13,45
Maxim Tsyplakov,26,F,77,10,25,35,4,39,9,1,0,1,23,2,0,116,8.6,262,14:58,10,13,43.5,40,140,28,78
Alexander Wennberg,30,C,77,10,25,35,-21,14,7,3,0,2,18,7,0,82,12.2,182,18:51,508,561,47.5,80,30,38,41
Joshua Norris,25,C,56,21,14,35,-6,44,12,6,3,5,8,5,1,96,21.9,178,18:21,413,354,53.8,47,135,13,33
Charlie Coyle,32,C,83,17,18,35,-9,24,13,3,1,3,14,4,0,115,14.8,223,16:59,374,395,48.6,61,108,42,54
Jackson Blake,21,RW,80,17,17,34,10,30,12,5,0,6,15,2,0,142,12,247,13:51,15,15,50,30,19,20,54
Ridly Greig,22,C,78,13,21,34,-11,60,8,3,2,2,13,6,2,119,10.9,235,17:05,208,172,54.7,47,138,20,35
Marcus Johansson,34,C,72,11,23,34,-7,12,9,1,1,1,18,5,0,121,9.1,239,16:23,5,15,25,25,49,12,41
Adam Lowry,31,LW,73,16,18,34,18,28,16,0,0,4,16,0,2,99,16.2,196,15:26,615,573,51.8,60,140,20,44
Bobby McMann,28,F,74,20,14,34,12,27,17,3,0,5,11,3,0,169,11.8,289,14:30,4,17,19,23,136,16,33
Ilya Mikheyev,30,F,80,20,14,34,4,16,17,0,3,3,14,0,0,138,14.5,221,15:41,1,11,8.3,15,34,21,54
Valeri Nichushkin,29,RW,43,21,13,34,11,8,16,5,0,0,10,3,0,118,17.8,212,19:44,3,3,50,21,55,7,42
Brandt Clarke,21,D,78,5,28,33,13,46,3,2,0,0,21,7,0,131,3.8,269,16:17,0,0,,121,23,24,63
Max Domi,29,LW,74,8,25,33,5,76,8,0,0,1,18,7,0,93,8.6,187,14:10,273,271,50.2,30,32,21,69
Christian Dvorak,28,C,82,12,21,33,-5,16,11,1,0,0,20,1,0,104,11.5,221,15:15,591,469,55.8,74,44,18,66
Aaron Ekblad,28,D,56,3,30,33,11,53,3,0,0,2,17,11,2,106,2.8,291,23:31,0,0,,64,90,23,57
Mattias Ekholm,34,D,65,9,24,33,11,30,6,3,0,1,20,4,0,143,6.3,328,22:12,0,0,,95,42,35,83
Filip Hronek,27,D,61,5,28,33,0,40,5,0,0,0,21,7,0,83,6,240,23:54,1,0,100,75,89,14,74
Jesperi Kotkaniemi,24,C,78,12,21,33,9,50,12,0,0,1,20,1,0,115,10.4,219,14:04,367,342,51.8,28,66,18,64
Patrik Laine,26,RW,52,20,13,33,-14,14,5,15,0,5,9,4,0,116,17.2,215,14:18,11,14,44,28,26,13,38
Mason Lohrei,24,D,77,5,28,33,-43,16,4,1,0,0,13,15,0,92,5.4,258,19:32,0,0,,103,25,36,104
Darnell Nurse,29,D,76,5,28,33,11,72,4,0,1,1,26,2,0,188,2.7,393,22:22,0,0,,136,161,16,69
Alex Pietrangelo,35,D,71,4,29,33,11,16,4,0,0,1,25,2,2,123,3.3,291,22:24,0,0,,139,41,25,106
Ivan Provorov,28,D,82,7,26,33,11,31,5,1,1,0,22,2,2,100,7,269,23:21,0,0,,127,28,29,120
Cole Sillinger,21,C,66,11,22,33,-11,35,8,2,1,2,20,1,1,129,8.5,231,16:55,300,350,46.2,36,74,21,50
Brady Skjei,30,D,82,10,23,33,-24,42,8,2,0,1,15,8,0,156,6.4,324,21:53,0,0,,93,52,32,101
Vladimir Tarasenko,33,RW,80,11,22,33,-13,6,10,1,0,1,15,7,0,133,8.3,281,14:47,0,2,0,35,63,16,61
Mikael Backlund,35,C,76,15,17,32,4,32,13,1,1,3,12,5,0,175,8.6,348,18:44,703,749,48.4,51,41,35,68
J.T. Compher,29,LW,76,11,21,32,-7,24,6,5,0,3,17,4,0,98,11.2,167,16:41,457,556,45.1,64,29,17,49
Luke Evangelista,22,RW,68,10,22,32,-2,22,9,1,0,1,18,4,0,134,7.5,211,13:52,0,3,0,13,28,16,37
Justin Faulk,32,D,78,4,28,32,-9,30,3,1,0,1,17,11,0,124,3.2,296,22:27,0,0,,108,82,28,100
Mathieu Olivier,27,F,82,18,14,32,-4,139,17,0,1,5,13,0,1,111,16.2,200,14:28,14,22,38.9,80,306,22,49
Eric Robinson,29,LW,82,14,18,32,14,10,14,0,0,1,18,0,0,110,12.7,214,12:16,7,26,21.2,16,123,9,42
Evan Rodrigues,31,C,82,15,17,32,-4,38,11,4,0,1,14,3,0,161,9.3,331,15:13,127,155,45,23,128,21,62
Yegor Sharangovich,26,C,73,17,15,32,-9,8,11,5,1,2,12,3,0,128,13.3,289,16:39,146,171,46.1,31,14,17,51
Jared Spurgeon,35,D,66,7,25,32,8,14,6,1,0,3,17,8,0,107,6.5,240,20:27,0,0,,119,53,22,52
Trevor Zegras,23,C,57,12,20,32,-8,23,11,1,0,1,17,3,0,98,12.2,197,17:02,68,118,36.6,27,50,13,51
Rasmus Andersson,28,D,81,11,20,31,-38,60,8,3,0,1,14,6,0,163,6.7,378,23:59,0,0,,196,36,30,107
Simon Edvinsson,21,D,78,7,24,31,12,67,7,0,0,3,23,0,1,86,8.1,215,21:07,0,0,,144,86,26,91
Gustav Forsling,28,D,80,11,20,31,33,16,10,0,1,1,18,1,1,195,5.6,421,22:57,0,0,,89,83,37,72
Alex Iafallo,31,C,82,15,16,31,21,15,9,6,0,2,12,4,0,109,13.8,189,13:17,12,13,48,61,53,26,30
Mike Matheson,30,D,80,6,25,31,-6,51,5,1,0,1,15,9,1,149,4,366,25:05:00,0,0,,168,60,43,107
Ryan McDonagh,35,D,82,4,27,31,43,22,3,0,1,2,24,1,2,78,5.1,195,20:22,0,0,,152,23,24,115
Ryan Poehling,26,C,68,12,19,31,-4,16,10,2,0,1,17,1,1,71,16.9,141,13:53,375,362,50.9,79,26,11,43
Nicolas Roy,27,C,71,15,16,31,-4,43,13,2,0,3,14,2,0,107,14,185,15:13,371,407,47.7,47,72,20,58
Mackie Samoskevich,22,RW,72,15,16,31,-4,12,11,4,0,5,9,7,0,129,11.6,277,13:19,0,1,0,32,134,9,46
Scott Laughton,30,C,80,13,18,31,-18,32,12,0,1,2,17,0,1,125,10.4,237,14:36,253,245,50.8,54,178,19,59
Yanni Gourde,33,C,57,7,24,31,-1,52,7,0,0,2,23,1,0,75,9.3,154,16:03,267,271,49.6,36,109,16,38
Connor Brown,31,RW,82,13,17,30,9,10,12,0,1,4,16,0,1,123,10.6,212,14:01,16,28,36.4,37,19,26,55
Vladislav Gavrikov,29,D,82,5,25,30,26,28,5,0,0,0,24,0,1,112,4.5,285,23:05,0,0,,140,50,22,69
Keegan Kolesar,27,RW,82,12,18,30,3,53,12,0,0,3,17,0,1,88,13.6,167,13:12,6,12,33.3,49,237,13,34
Chris Kreider,33,LW,68,22,8,30,-5,24,12,6,4,6,7,1,0,152,14.5,261,16:45,27,41,39.7,26,79,9,39
Kris Letang,37,D,74,9,21,30,-15,52,4,4,1,0,13,8,0,164,5.5,361,23:32,0,0,,100,120,37,100
Corey Perry,39,RW,81,19,11,30,12,61,15,4,0,4,8,3,0,100,19,200,11:56,17,16,51.5,26,36,13,44
Rasmus Sandin,24,D,82,4,26,30,13,23,3,1,0,0,22,4,0,78,5.1,225,19:11,0,0,,122,91,26,71
Travis Sanheim,28,D,82,8,22,30,-6,40,8,0,0,0,18,2,2,139,5.8,306,24:30:00,0,0,,170,84,51,127
Alex Vlasic,23,D,82,4,26,30,-23,12,3,1,0,0,14,11,1,103,3.9,211,23:16,0,0,,157,59,53,97
Brandon Saad,32,LW,72,13,17,30,-8,6,13,0,0,1,14,3,0,127,10.2,216,14:49,7,18,28,21,12,21,55
Joel Armia,31,RW,81,11,18,29,-2,16,8,0,3,1,15,3,0,104,10.6,232,14:18,3,11,21.4,35,87,19,48
Philip Broberg,23,D,68,8,21,29,21,16,8,0,0,2,19,2,0,97,8.2,238,20:30,0,0,,103,43,22,103
Brent Burns,39,D,82,6,23,29,7,28,6,0,0,0,20,3,0,174,3.4,461,20:57,0,0,,98,11,36,104
Ross Colton,28,C,61,16,13,29,-1,18,11,5,0,3,11,2,0,125,12.8,253,14:25,39,58,40.2,42,145,15,47
Oliver Ekman-Larsson,33,D,77,4,25,29,14,52,2,2,0,1,23,2,0,118,3.4,288,21:04,0,0,,83,108,28,95
Joel Eriksson Ek,28,C,46,14,15,29,9,22,9,5,0,1,10,5,0,140,10,217,19:46,408,459,47.1,36,82,14,34
Brock Faber,22,D,78,10,19,29,-2,23,8,2,0,1,10,8,1,124,8.1,298,25:32:00,0,0,,115,36,29,109
Marcus Foligno,33,LW,77,14,15,29,7,75,14,0,0,1,15,0,0,91,15.4,160,14:29,7,12,36.8,49,253,20,48
William Karlsson,32,C,53,9,20,29,17,4,7,0,2,4,14,6,0,119,7.6,242,17:01,410,296,58.1,37,20,14,50
Michael Kesselring,25,D,82,7,22,29,4,89,6,1,0,1,20,2,0,150,4.7,350,17:41,0,0,,67,87,22,84
Victor Olofsson,29,RW,56,15,14,29,17,16,9,6,0,4,12,2,0,109,13.8,211,14:30,1,6,14.3,19,26,8,25
Jeff Skinner,32,LW,72,16,13,29,1,26,16,0,0,1,11,2,0,144,11.1,265,13:00,22,21,51.2,23,45,19,41
Danton Heinen,29,C,79,9,20,29,2,31,7,1,1,0,19,1,0,81,11.1,165,13:27,18,28,39.1,37,81,19,48
Marcus Pettersson,28,D,78,4,25,29,6,45,4,0,0,1,24,0,1,70,5.7,215,21:41,0,0,,144,80,32,88
Zach Benson,19,LW,75,10,18,28,-2,60,7,3,0,0,17,1,0,120,8.3,212,14:49,4,17,19,29,35,19,41
Alexander Kerfoot,30,C,81,11,17,28,-5,14,9,0,2,1,16,1,0,100,11,177,15:15,259,234,52.5,67,59,30,78
Peyton Krebs,24,C,81,10,18,28,1,60,8,1,1,0,18,0,0,80,12.5,199,13:56,326,339,49,32,136,10,46
Adam Larsson,32,D,82,7,21,28,22,31,7,0,0,1,21,0,0,112,6.3,263,21:11,0,0,,148,104,33,55
Andrew Mangiapane,28,LW,81,14,14,28,0,24,13,0,1,3,10,4,0,95,14.7,183,13:02,5,7,41.7,30,74,11,49
Dmitry Orlov,33,D,76,6,22,28,16,24,6,0,0,2,21,1,0,117,5.1,310,20:00,0,0,,60,101,21,98
Ondřej Palát,33,LW,77,15,13,28,-5,12,12,2,1,3,11,2,0,96,15.6,192,13:45,4,16,20,58,124,24,56
Jordan Spence,23,D,79,4,24,28,23,16,4,0,0,0,19,5,0,86,4.7,261,16:47,0,0,,77,80,15,72
Kevin Stenlund,28,C,82,14,14,28,-6,40,13,0,1,1,14,0,0,102,13.7,196,14:21,624,430,59.2,64,50,16,50
Gustav Nyquist,35,RW,79,11,17,28,-24,16,8,2,1,0,15,1,1,103,10.7,234,16:51,11,19,36.7,30,44,19,59
Michael Amadio,28,C,72,11,16,27,12,18,10,1,0,2,16,0,0,85,12.9,165,14:06,49,47,51,44,108,24,36
Josh Anderson,30,RW,81,15,12,27,-2,90,14,0,1,1,12,0,0,109,13.8,210,14:19,29,20,59.2,39,176,17,36
Viktor Arvidsson,31,LW,67,15,12,27,-3,24,14,1,0,2,10,2,0,158,9.5,301,15:00,17,35,32.7,23,32,15,67
Nic Dowd,34,C,82,14,13,27,7,56,12,0,2,3,13,0,0,86,16.3,166,15:11,596,599,49.9,82,128,32,51
Adam Henrique,34,C,81,12,15,27,2,16,9,2,1,3,11,4,0,104,11.5,181,14:39,562,448,55.6,85,58,19,57
Jack McBain,25,C,82,13,14,27,8,78,12,1,0,1,12,2,0,90,14.4,189,13:34,229,231,49.8,50,291,16,63
K'Andre Miller,25,D,74,7,20,27,0,22,7,0,0,1,18,2,0,110,6.4,261,21:57,0,0,,110,107,47,97
Tanner Pearson,32,LW,78,12,15,27,4,8,11,0,1,2,15,0,0,109,11,201,11:47,6,18,25,45,96,15,46
Taylor Raddysh,26,RW,80,7,20,27,-7,18,7,0,0,1,19,1,0,93,7.5,185,12:22,9,20,31,28,59,11,44
Jaccob Slavin,30,D,80,6,21,27,16,8,6,0,0,2,18,0,3,110,5.5,319,21:34,0,0,,136,21,61,78
Connor Zary,23,C,54,13,14,27,-7,14,12,1,0,2,6,8,0,111,11.7,211,16:04,90,151,37.3,26,26,10,40
Teddy Blueger,30,C,82,8,18,26,-7,39,8,0,0,0,18,0,0,94,8.5,186,14:19,510,505,50.2,43,104,22,50
Jordan Eberle,34,RW,42,9,17,26,0,14,8,1,0,1,13,4,0,66,13.6,130,16:16,7,11,38.9,25,13,21,28
Dante Fabbro,26,D,68,9,17,26,20,40,9,0,0,3,17,0,0,89,10.1,218,20:54,0,0,,143,67,24,78
Adam Gaudette,28,C,81,19,7,26,12,12,16,3,0,4,7,0,0,90,21.1,191,10:25,176,174,50.3,28,68,8,38
Ryan Hartman,30,RW,69,11,15,26,-7,75,8,3,0,1,11,4,0,158,7,300,14:58,282,308,47.8,41,73,21,66
Esa Lindell,30,D,80,5,21,26,34,14,4,1,0,0,21,0,0,99,5.1,229,22:11,0,0,,170,50,30,109
Frank Nazar,21,C,53,12,14,26,-11,24,10,1,1,2,10,3,1,91,13.2,171,15:52,170,211,44.6,35,30,8,57
Alex Newhook,24,C,82,15,11,26,-21,24,14,1,0,3,8,3,0,118,12.7,264,15:08,239,319,42.8,32,89,15,38
Filip Chytil,25,C,56,13,13,26,-7,18,12,1,0,1,9,4,0,133,9.8,255,14:58,264,300,46.8,13,19,15,36
Mavrik Bourque,23,C,73,11,14,25,6,8,10,1,0,1,12,2,0,80,13.8,165,12:41,161,187,46.3,37,46,12,39
Ryker Evans,23,D,73,5,20,25,-12,30,4,1,0,0,18,2,0,59,8.5,174,19:29,0,0,,106,123,12,73
Martin Fehérváry,25,D,81,5,20,25,18,25,5,0,0,0,18,0,2,76,6.6,199,19:00,0,0,,150,139,11,61
Miro Heiskanen,25,D,50,5,20,25,7,10,5,0,0,0,13,7,0,108,4.6,287,25:10:00,0,0,,85,17,28,67
Nils Höglander,24,LW,72,8,17,25,5,30,8,0,0,2,16,1,0,83,9.6,152,12:08,0,1,0,23,76,13,36
Brett Kulak,31,D,82,7,18,25,-7,18,7,0,0,0,18,0,0,135,5.2,293,20:32,0,0,,118,28,23,81
Martin Pospisil,25,C,81,4,21,25,3,84,3,1,0,0,18,3,0,114,3.5,234,13:48,71,103,40.8,26,301,17,53
Damon Severson,30,D,70,6,19,25,5,47,6,0,0,1,19,0,0,91,6.6,197,19:03,0,0,,104,43,28,85
Sam Steel,26,C,79,6,19,25,-6,31,5,0,1,1,17,0,2,89,6.7,177,14:08,214,186,53.5,26,60,13,41
Alex Turcotte,23,C,68,9,16,25,6,20,8,1,0,2,16,0,0,79,11.4,148,11:44,55,66,45.5,30,46,9,39
Anthony Beauvillier,27,LW,81,15,10,25,2,14,14,0,1,0,9,1,0,149,10.1,265,12:52,11,13,45.8,36,139,15,29
Joel Farabee,24,LW,81,11,14,25,-17,34,11,0,0,1,10,4,0,151,7.3,253,14:55,18,31,36.7,50,94,19,64
Alexandre Carrier,28,D,79,3,22,25,-10,40,3,0,0,0,21,0,1,82,3.7,182,20:35,0,0,,169,75,22,64
Drew O'Connor,26,F,84,10,15,25,-16,34,8,1,1,2,13,1,1,117,8.5,247,14:28,48,67,41.7,57,83,36,61
Michael Anderson,25,D,77,6,18,24,17,28,6,0,0,0,18,0,0,84,7.1,248,22:41,0,0,,124,119,22,57
Jonatan Berggren,24,RW,75,12,12,24,-13,14,9,3,0,1,10,2,0,88,13.6,183,12:59,5,12,29.4,16,41,11,31
Samuel Girard,26,D,73,3,21,24,7,14,3,0,0,2,20,1,0,95,3.2,227,20:51,0,0,,111,62,24,86
Jiri Kulich,20,C,62,15,9,24,-4,18,15,0,0,3,9,0,0,134,11.2,262,14:48,254,304,45.5,36,40,15,33
Eetu Luostarinen,26,C,80,9,15,24,12,28,8,0,1,3,13,1,1,87,10.3,185,15:17,33,40,45.2,60,183,20,43
Tyler Myers,34,D,71,6,18,24,2,74,5,0,1,0,16,1,1,87,6.9,233,20:48,0,0,,125,87,31,61
Vasily Podkolzin,23,RW,82,8,16,24,1,48,8,0,0,2,16,0,0,114,7,206,13:13,14,43,24.6,53,211,20,55
Matt Roy,29,D,69,3,21,24,18,25,3,0,0,0,21,0,0,84,3.6,247,19:53,0,0,,113,114,15,91
Philip Tomasino,23,C,61,11,13,24,-10,8,8,3,0,6,8,5,0,104,10.6,177,13:04,5,12,29.4,23,63,17,32
Cody Ceci,31,D,85,4,20,24,6,24,4,0,0,2,19,0,1,90,4.4,220,21:13,0,0,,155,76,23,77
Jesper Boqvist,26,C,78,12,11,23,-4,14,11,0,1,3,11,0,0,87,13.8,167,13:15,71,97,42.3,27,191,18,33
Andrew Copp,30,C,56,10,13,23,4,8,9,0,1,2,12,1,0,68,14.7,119,14:42,318,309,50.7,35,9,18,37
Kevin Hayes,32,RW,64,13,10,23,-15,8,9,4,0,1,6,3,1,98,13.3,194,12:03,237,217,52.2,11,52,14,33
Joel Kiviranta,28,F,79,16,7,23,15,20,15,0,1,2,7,0,0,84,19,160,12:31,23,25,47.9,38,114,17,36
Charlie McAvoy,27,D,50,7,16,23,0,46,4,2,1,2,14,2,0,98,7.1,204,23:40,0,0,,81,89,26,72
Jake McCabe,31,D,66,2,21,23,23,40,2,0,0,0,20,0,1,74,2.7,170,21:31,0,0,,135,118,9,83
Ryan Pulock,30,D,74,5,18,23,2,16,4,1,0,1,15,1,2,97,5.2,226,21:05,0,0,,155,100,32,78
Mason Appleton,29,C,71,10,12,22,7,22,10,0,0,3,11,1,0,107,9.3,185,14:50,10,12,45.5,29,76,15,38
Paul Cotter,25,C,79,16,6,22,-14,62,16,0,0,2,6,0,0,90,17.8,202,13:05,41,37,52.6,32,245,17,39
Kirby Dach,24,C,57,10,12,22,-29,40,9,1,0,2,6,6,0,84,11.9,155,15:40,96,142,40.3,36,100,10,39
Niko Mikkola,28,D,76,6,16,22,12,70,6,0,0,0,16,0,0,116,5.2,264,20:12,0,0,,88,137,15,99
Thomas Novak,27,C,54,13,9,22,-7,4,12,1,0,2,5,4,0,92,14.1,155,13:14,94,126,42.7,26,6,12,48
Lukas Reichel,22,LW,70,8,14,22,-16,12,8,0,0,1,12,2,0,72,11.1,117,11:55,142,214,39.9,29,24,13,36
Nicholas Robertson,23,LW,69,15,7,22,-1,16,13,2,0,3,7,0,0,112,13.4,232,12:00,3,4,42.9,33,79,17,26
Nikita Zadorov,29,D,81,4,18,22,25,145,4,0,0,0,16,0,2,105,3.8,267,20:37,0,0,,107,219,25,104
Justin Brazeau,26,F,76,11,11,22,-9,18,7,4,0,3,10,1,0,89,12.4,158,11:52,3,10,23.1,38,123,14,43
Ryan Lindgren,26,D,72,4,18,22,0,40,4,0,0,0,16,0,2,63,6.3,205,19:42,0,0,,128,80,12,72
Brandon Tanev,33,LW,79,10,12,22,-12,16,10,0,0,0,12,0,0,99,10.1,181,13:14,7,24,22.6,105,168,23,52
Brian Dumoulin,33,D,80,3,19,22,-1,14,3,0,0,1,19,0,0,69,4.3,163,19:33,0,0,,109,74,28,53
Lars Eller,35,C,80,10,12,22,-5,36,10,0,0,0,11,1,0,104,9.6,205,13:17,392,359,52.2,35,57,16,50
Cody Glass,25,C,65,6,16,22,-5,16,5,1,0,1,15,1,0,91,6.6,189,13:39,242,231,51.2,38,53,12,32
Erik Černák,27,D,76,3,18,21,29,50,3,0,0,0,16,0,2,64,4.7,183,18:16,0,0,,99,157,20,41
Justin Danforth,31,RW,61,9,12,21,-6,18,8,0,1,1,11,1,0,94,9.6,140,14:23,327,334,49.5,49,126,8,26
Brandon Duhaime,27,RW,82,9,12,21,3,98,9,0,0,1,11,0,1,83,10.8,177,13:21,18,25,41.9,65,165,12,38
Garnet Hathaway,33,RW,67,10,11,21,5,58,8,0,2,1,11,0,0,80,12.5,138,11:52,7,12,36.8,61,257,8,27
Erik Haula,33,LW,69,11,10,21,-6,39,9,2,0,1,7,3,0,110,10,195,14:42,378,341,52.6,35,101,14,44
Nick Jensen,34,D,71,3,18,21,18,6,3,0,0,0,18,0,0,77,3.9,207,20:13,0,0,,95,55,19,81
Jacob Middleton,29,D,67,8,13,21,11,40,8,0,0,0,13,0,0,97,8.2,224,21:52,0,0,,157,99,21,64
Logan O'Connor,28,RW,80,10,11,21,-4,26,10,0,0,1,10,0,1,89,11.2,175,14:07,27,43,38.6,50,68,17,32
Adam Pelech,30,D,60,0,21,21,4,32,0,0,0,0,20,1,0,109,0,278,21:07,0,0,,87,73,36,58
Michael Rasmussen,25,C,77,11,10,21,-12,24,9,2,0,1,8,2,0,99,11.1,191,13:25,91,105,46.4,59,141,10,42
Braden Schneider,23,D,80,6,15,21,9,18,5,0,1,1,14,0,1,95,6.3,224,17:52,0,0,,145,146,19,96
Tyler Seguin,33,C,20,9,12,21,15,4,6,3,0,2,12,0,0,46,19.6,93,16:09,92,82,52.9,6,5,4,13
Colton Sissons,31,C,72,7,14,21,-12,22,7,0,0,0,13,1,0,80,8.8,150,14:22,342,282,54.8,67,100,20,32
Trevor van Riemsdyk,33,D,82,1,20,21,20,34,1,0,0,0,20,0,0,80,1.3,215,17:40,0,0,,151,10,25,57
Kevin Bahl,24,D,73,3,17,20,-6,35,2,1,0,0,17,0,0,82,3.7,219,21:23,0,0,,116,109,24,85
Mathew Barzal,27,C,30,6,14,20,10,4,5,1,0,1,11,3,0,78,7.7,171,20:21,22,30,42.3,24,24,10,36
Jonas Brodin,31,D,50,4,16,20,10,18,4,0,0,1,15,0,1,71,5.6,178,22:57,0,0,,104,27,21,53
Sam Carrick,32,C,80,6,14,20,5,58,5,0,1,2,12,0,2,84,7.1,164,11:56,375,317,54.2,42,137,16,52
Jamie Drysdale,22,D,70,7,13,20,-32,22,5,2,0,1,8,5,0,63,11.1,186,19:55,0,0,,102,18,20,73
Joel Edmundson,31,D,73,6,14,20,25,22,6,0,0,1,13,1,0,91,6.6,241,20:35,0,0,,108,100,23,62
Gage Goncalves,24,C,60,8,12,20,7,14,7,1,0,1,11,1,0,61,13.1,114,12:48,3,3,50,20,71,18,35
Blake Lizotte,27,C,59,11,9,20,-4,26,9,1,1,1,9,0,0,51,21.6,102,12:43,177,169,51.2,29,60,10,36
Brayden McNabb,34,D,82,5,15,20,42,32,4,0,1,0,14,0,1,97,5.2,242,20:07,0,0,,167,131,21,79
Alexander Romanov,25,D,64,4,16,20,5,20,4,0,0,0,15,0,1,100,4,252,22:18,0,0,,165,147,24,81
Dylan Samberg,26,D,60,6,14,20,34,26,6,0,0,2,13,1,0,95,6.3,224,21:08,0,0,,120,56,33,64
Nick Seeler,31,D,77,3,17,20,10,36,3,0,0,1,17,0,0,82,3.7,237,17:17,0,0,,200,125,23,85
Oskar Sundqvist,30,C,67,6,14,20,-6,32,2,4,0,0,11,3,0,60,10,130,13:12,260,312,45.5,53,78,19,41
Olen Zellweger,21,D,62,7,13,20,1,20,6,1,0,0,9,4,0,130,5.4,302,18:58,0,0,,72,37,21,61
Nikolai Kovalenko,25,RW,57,7,13,20,-9,16,4,3,0,0,12,1,0,45,15.6,97,12:20,2,7,22.2,24,84,16,40
Nick Bjugstad,32,C,66,8,11,19,-2,16,7,1,0,0,11,0,0,115,7,204,12:19,207,230,47.4,29,104,12,39
Jonny Brodzinski,31,C,51,12,7,19,6,4,12,0,0,2,7,0,0,73,16.4,139,11:41,81,89,47.6,19,27,11,26
Michael Carcone,28,F,53,7,12,19,-7,36,7,0,0,0,10,2,0,75,9.3,181,11:26,5,5,50,11,48,6,38
Tony DeAngelo,29,D,35,4,15,19,-11,10,4,0,0,1,11,4,0,76,5.3,167,23:21,0,0,,42,17,6,44
Dylan DeMelo,31,D,82,3,16,19,31,38,3,0,0,2,16,0,0,75,4,193,21:32,0,0,,112,137,29,89
Josh Doan,22,RW,51,7,12,19,-2,8,4,3,0,1,11,1,0,88,8,183,13:31,35,50,41.2,14,45,10,25
Pontus Holmberg,25,RW,68,7,12,19,4,27,6,0,1,0,11,1,0,68,10.3,149,12:40,139,146,48.8,53,46,9,26
Boone Jenner,31,C,26,7,12,19,3,4,4,2,1,1,11,1,0,70,10,122,17:59,105,100,51.2,18,43,4,24
Parker Kelly,25,F,80,8,11,19,-1,29,7,0,1,2,10,0,1,99,8.1,210,12:45,302,400,43,72,161,17,41
Steven Lorentz,28,C,80,8,11,19,6,9,7,0,1,5,11,0,0,76,10.5,140,10:33,12,21,36.4,55,199,12,25
Pat Maroon,36,LW,68,5,14,19,-13,97,4,1,0,1,14,0,0,73,6.8,133,11:32,36,42,46.2,9,102,4,37
Emil Martinsen Lilleberg,23,D,76,1,18,19,-1,105,1,0,0,1,17,0,1,46,2.2,163,15:17,0,0,,61,114,12,56
Pavel Mintyukov,21,D,68,5,14,19,-4,20,5,0,0,0,11,3,0,69,7.2,180,17:36,0,0,,92,81,13,62
Connor Murphy,31,D,68,2,17,19,-2,52,2,0,0,0,16,0,1,84,2.4,193,20:37,0,0,,160,117,17,64
Nicklaus Perbix,26,D,74,6,13,19,8,20,6,0,0,1,13,0,0,66,9.1,190,14:41,0,0,,67,50,21,62
Rasmus Ristolainen,30,D,63,4,15,19,3,14,4,0,0,2,12,3,0,100,4,193,20:31,0,0,,94,97,25,52
Nate Schmidt,33,D,80,5,14,19,4,30,5,0,0,0,10,4,0,70,7.1,207,16:32,0,0,,71,82,28,88
Jakob Pelletier,23,LW,49,7,12,19,7,10,7,0,0,1,12,0,0,54,13,92,11:33,13,19,40.6,19,47,11,25
Uvis Balinskis,28,D,76,4,14,18,-7,27,4,0,0,0,10,4,0,92,4.3,198,14:51,0,2,0,55,83,23,49
Mitchell Chaffee,27,F,66,12,6,18,-3,21,8,4,0,2,6,0,0,68,17.6,121,12:02,4,7,36.4,21,133,10,29
Jalen Chatfield,28,D,79,7,11,18,22,54,7,0,0,2,10,0,1,114,6.1,301,18:53,0,0,,64,64,26,82
Lawson Crouse,27,LW,81,12,6,18,-4,39,11,1,0,2,6,0,0,126,9.5,241,13:44,19,22,46.3,46,193,16,59
Kaiden Guhle,23,D,55,6,12,18,6,47,6,0,0,1,11,0,1,71,8.5,171,21:11,0,0,,124,104,14,47
Erik Gustafsson,32,D,60,2,16,18,-19,20,1,1,0,0,8,8,0,67,3,188,16:19,0,0,,44,28,10,75
Emil Heineman,23,LW,62,10,8,18,-6,20,7,3,0,0,6,2,0,64,15.6,162,11:24,1,6,14.3,24,173,8,33
Mattias Janmark,32,C,80,2,16,18,-6,22,2,0,0,0,13,0,3,51,3.9,109,13:18,97,142,40.6,35,45,20,47
Luke Kunin,27,C,75,11,7,18,-28,55,11,0,0,0,7,0,0,112,9.8,217,14:41,186,213,46.6,77,187,12,30
Olli Määttä,30,D,77,2,16,18,7,16,2,0,0,0,16,0,0,73,2.7,179,19:33,0,0,,124,25,26,104
Matias Maccelli,24,LW,55,8,10,18,-13,8,8,0,0,0,7,3,0,86,9.3,200,13:44,6,6,50,10,6,11,46
Chris Tanev,35,D,75,3,15,18,31,24,3,0,0,0,14,0,1,43,7,120,19:45,0,0,,189,20,10,80
Alexey Toropchenko,25,RW,80,4,14,18,-1,25,4,0,0,1,14,0,0,90,4.4,171,12:30,4,5,44.4,53,223,6,24
Craig Smith,35,C,59,9,9,18,-9,34,7,2,0,1,9,0,0,90,10,169,11:20,8,15,34.8,31,56,16,38
Jack Drury,24,C,72,8,10,18,1,22,7,1,0,2,9,1,0,93,8.6,193,12:55,431,315,57.8,50,45,12,34
Zach Aston-Reese,30,C,79,6,11,17,-15,27,6,0,0,1,11,0,0,101,5.9,192,13:27,2,7,22.2,58,179,11,42
Colin Blackwell,31,C,63,6,11,17,4,16,4,0,2,0,9,1,1,63,9.5,129,11:34,151,157,49,23,84,15,34
Casey Cizikas,33,C,82,7,10,17,-13,51,6,0,1,1,9,1,0,97,7.2,197,13:02,337,274,55.2,66,202,18,42
Ian Cole,35,D,82,1,16,17,-2,77,1,0,0,0,15,0,1,66,1.5,189,20:17,0,0,,211,106,25,118
Drew Doughty,35,D,30,4,13,17,9,20,3,0,1,1,7,6,0,46,8.7,115,24:08:00,0,0,,45,26,7,48
Mario Ferraro,26,D,78,5,12,17,-25,53,5,0,0,1,11,0,1,79,6.3,205,21:24,0,0,,125,150,37,77
A.J. Greer,28,LW,81,6,11,17,4,130,5,0,1,3,11,0,0,86,7,162,9:36,16,31,34,30,222,8,43
Cole Koepke,26,LW,73,10,7,17,1,17,10,0,0,2,7,0,0,85,11.8,162,11:15,0,2,0,26,177,8,33
Johnathan Kovacevic,27,D,81,1,16,17,10,72,1,0,0,1,16,0,0,76,1.3,222,19:49,0,0,,99,102,28,100
Sean Kuraly,32,C,82,6,11,17,-4,40,6,0,0,0,11,0,0,88,6.8,194,11:46,316,266,54.3,45,163,17,38
Brett Leason,25,RW,62,5,12,17,-2,22,4,1,0,0,11,1,0,79,6.3,156,12:59,23,58,28.4,44,64,7,30
Timothy Liljegren,25,D,68,6,11,17,-25,38,4,2,0,0,9,2,0,102,5.9,251,19:12,0,0,,111,64,15,64
Jamie Oleksiak,32,D,82,4,13,17,-2,34,4,0,0,1,13,0,0,66,6.1,174,18:47,0,0,,159,74,23,89
Andrew Peeke,26,D,76,1,16,17,-10,15,0,0,1,0,15,0,1,80,1.3,205,18:36,0,0,,126,105,15,98
Brett Pesce,30,D,72,3,14,17,-5,29,2,0,1,0,14,0,0,99,3,218,21:19,0,0,,138,24,25,62
Fedor Svechkov,21,C,52,8,9,17,-17,14,6,2,0,2,6,3,0,64,12.5,150,12:53,123,212,36.7,24,32,6,45
Tomáš Tatar,34,LW,74,7,10,17,-7,20,6,1,0,0,8,2,0,66,10.6,130,11:06,10,9,52.6,19,56,7,35
Cameron York,24,D,66,4,13,17,-8,26,4,0,0,1,13,0,0,65,6.2,169,20:47,0,0,,126,60,25,90
Joe Veleno,25,C,74,8,9,17,-23,17,8,0,0,0,9,0,0,75,10.7,141,12:07,201,228,46.9,44,139,13,44
Mark Jankowski,30,C,60,12,5,17,4,33,12,0,0,1,5,0,0,66,18.2,129,12:34,219,214,50.6,34,27,6,35
Oskar Back,24,C,73,4,12,16,1,8,4,0,0,0,11,0,1,44,9.1,97,11:42,90,83,52,35,28,12,54
Nick Blankenburg,26,D,60,4,12,16,-2,24,3,1,0,2,7,5,0,84,4.8,193,19:33,0,0,,74,53,21,50
Zach Bogosian,34,D,81,4,12,16,-6,43,4,0,0,0,12,0,0,79,5.1,198,15:48,0,0,,80,81,22,68
Connor Clifton,29,D,73,1,15,16,-6,45,1,0,0,0,12,0,3,63,1.6,179,16:03,0,0,,116,208,26,67
Jason Dickinson,29,C,59,7,9,16,-11,38,7,0,0,0,9,0,0,56,12.5,150,15:42,453,463,49.5,53,102,13,26
Brenden Dillon,34,D,82,2,14,16,8,67,2,0,0,0,13,0,1,48,4.2,177,18:35,0,0,,108,191,8,74
Robby Fabbri,29,C,44,8,8,16,-6,20,8,0,0,0,8,0,0,65,12.3,111,16:12,71,85,45.5,29,58,14,30
Radko Gudas,34,D,81,1,15,16,4,86,1,0,0,0,15,0,0,89,1.1,252,19:52,0,0,,178,261,15,104
David Perron,36,LW,43,9,7,16,-7,12,5,4,0,2,5,2,0,71,12.7,135,14:01,6,13,31.6,9,72,13,25
Nathan Walker,30,C,73,8,8,16,-5,63,8,0,0,0,7,0,1,72,11.1,133,12:06,82,74,52.6,61,281,10,43
Sean Walker,30,D,82,5,11,16,-7,46,5,0,0,0,11,0,0,145,3.4,375,16:50,0,0,,90,91,40,67
Urho Vaakanainen,26,D,51,2,14,16,8,18,2,0,0,0,14,0,0,42,4.8,107,16:25,0,0,,49,19,10,40
Michael Eyssimont,28,C,77,9,7,16,1,63,9,0,0,2,7,0,0,142,6.3,252,10:37,6,12,33.3,23,110,12,33
Juuso Pärssinen,23,C,48,6,10,16,-5,19,6,0,0,0,9,1,0,30,20,61,10:32,92,104,46.9,29,86,4,18
Morgan Barron,26,C,74,8,7,15,8,16,6,0,2,0,7,0,0,92,8.7,169,10:23,85,78,52.1,38,122,23,31
Yegor Chinakhov,23,RW,30,7,8,15,-6,4,5,2,0,1,5,3,0,68,10.3,140,15:43,0,0,,10,47,4,18
Nick Cousins,31,C,50,6,9,15,-1,41,6,0,0,0,9,0,0,68,8.8,124,11:54,1,6,14.3,26,85,5,23
Pierre Engvall,28,LW,62,8,7,15,-7,16,8,0,0,2,7,0,0,93,8.6,162,11:49,10,24,29.4,12,47,7,36
Radek Faksa,31,C,70,5,10,15,-2,30,5,0,0,1,10,0,0,68,7.4,143,13:01,432,326,57,50,115,13,32
Trent Frederic,26,C,58,8,7,15,-16,44,7,1,0,0,5,2,0,78,10.3,167,13:43,93,120,43.7,29,157,12,32
Zachary L'Heureux,21,LW,62,5,10,15,-6,63,5,0,0,0,9,1,0,78,6.4,151,12:03,0,4,0,25,198,14,33
Isac Lundeström,25,C,79,4,11,15,-12,10,4,0,0,1,10,1,0,60,6.7,105,13:33,442,494,47.2,68,48,15,26
Sam Malinski,26,D,76,5,10,15,8,16,5,0,0,0,9,1,0,115,4.3,279,15:57,0,0,,107,57,29,68
Josh Manson,33,D,48,1,14,15,-6,28,1,0,0,0,12,1,1,65,1.5,167,18:02,0,0,,59,105,20,74
Colin Miller,32,D,60,4,11,15,10,38,3,1,0,0,10,1,0,68,5.9,187,14:31,0,0,,50,84,12,53
David Savard,34,D,75,1,14,15,-8,36,1,0,0,0,14,0,0,48,2.1,113,16:35,0,0,,180,56,18,51
Ryan Suter,40,D,82,2,13,15,7,24,1,0,1,0,13,0,0,62,3.2,158,19:28,0,0,,109,39,15,64
Yakov Trenin,28,C,76,7,8,15,-1,54,5,0,2,2,8,0,0,85,8.2,178,12:31,21,27,43.8,32,241,12,51
Egor Zamula,24,D,63,3,12,15,-14,6,3,0,0,1,12,0,0,37,8.1,113,16:31,0,0,,91,24,15,52
William Borgen,28,D,84,5,10,15,-4,42,4,0,1,0,10,0,0,81,6.2,211,17:05,0,0,,117,122,22,73
Conor Timmins,26,D,68,3,12,15,11,30,3,0,0,0,12,0,0,69,4.3,189,16:55,0,0,,90,55,11,59
Conor Geekie,20,C,52,8,6,14,-4,16,7,1,0,3,5,1,0,60,13.3,125,12:20,73,99,42.4,25,97,8,29
Mathieu Joseph,27,RW,60,4,10,14,-6,28,3,0,1,0,10,0,0,69,5.8,138,11:54,33,31,51.6,36,121,16,25
Dakota Joshua,28,C,57,7,7,14,-13,38,5,1,1,0,6,1,0,52,13.5,109,12:58,23,19,54.8,29,193,12,36
Mark Kastelic,25,C,61,5,9,14,-3,106,5,0,0,0,9,0,0,67,7.5,119,10:44,199,167,54.4,39,218,12,26
Philipp Kurashev,25,C,51,7,7,14,-28,14,6,1,0,1,7,0,0,54,13,112,13:43,97,109,47.1,16,30,13,27
Ilya Lyubushkin,30,D,80,1,13,14,5,32,1,0,0,0,13,0,0,51,2,146,17:23,0,0,,136,84,20,109
John Marino,27,D,35,1,13,14,1,2,1,0,0,0,13,0,0,29,3.4,76,21:10,0,0,,46,9,10,32
Michael McCarron,29,RW,74,5,9,14,-21,102,5,0,0,1,9,0,0,80,6.3,166,13:45,502,421,54.4,61,149,15,29
J.J. Moser,24,D,54,2,12,14,20,22,1,0,1,0,11,1,0,48,4.2,146,18:51,0,0,,70,34,23,45
Mattias Samuelsson,24,D,62,4,10,14,3,22,4,0,0,1,9,1,0,52,7.7,106,19:18,0,0,,93,105,11,55
Logan Stanley,26,D,63,1,13,14,9,78,1,0,0,0,13,0,0,49,2,134,15:35,0,0,,76,88,11,59
Kasperi Kapanen,28,RW,67,6,8,14,-22,16,6,0,0,2,8,0,0,66,9.1,123,11:55,39,55,41.5,14,88,9,42
Nico Sturm,29,C,62,7,7,14,-6,20,6,0,1,1,7,0,0,59,11.9,115,10:25,248,174,58.8,34,107,7,20
Jakub Vrána,28,LW,39,9,5,14,-4,10,5,4,0,4,5,0,0,47,19.1,91,10:21,7,13,35,8,19,6,21
Adam Boqvist,24,D,35,4,10,14,-9,10,3,1,0,0,5,5,0,40,10,105,14:04,0,0,,19,13,4,21
Jacob Trouba,30,D,77,1,13,14,-8,66,1,0,0,0,13,0,0,111,0.9,268,20:31,0,0,,208,164,29,90
Ben Chiarot,33,D,81,4,9,13,-14,69,4,0,0,0,8,1,0,109,3.7,261,21:14,0,0,,142,127,26,86
Ty Emberson,24,D,76,2,11,13,-5,18,2,0,0,1,10,0,1,62,3.2,154,15:07,0,0,,97,125,32,47
Drew Helleson,23,D,56,4,9,13,6,47,4,0,0,1,8,0,1,63,6.3,152,16:21,0,0,,73,99,17,47
Tanner Jeannot,27,F,67,7,6,13,0,89,7,0,0,1,6,0,0,56,12.5,129,11:01,8,10,44.4,37,211,3,36
David Kämpf,30,C,59,5,8,13,-1,14,4,0,1,0,7,0,1,45,11.1,81,12:24,278,265,51.2,26,50,17,30
Tye Kartye,23,F,63,6,7,13,-14,43,5,0,1,0,7,0,0,56,10.7,113,9:41,3,12,20,29,175,4,24
Dmitry Kulikov,34,D,70,4,9,13,12,38,4,0,0,0,8,1,0,64,6.3,173,19:16,0,0,,71,114,32,78
Ryan Lomberg,30,LW,80,3,10,13,-5,57,3,0,0,0,10,0,0,66,4.5,127,8:39,5,11,31.3,19,120,11,18
Denton Mateychuk,20,D,45,4,9,13,4,20,4,0,0,0,9,0,0,44,9.1,111,18:02,0,0,,63,26,19,35
Max Pacioretty,36,LW,37,5,8,13,-2,16,5,0,0,1,8,0,0,70,7.1,130,13:30,6,5,54.5,14,105,5,27
Jayden Struble,23,D,56,2,11,13,2,52,2,0,0,0,11,0,0,47,4.3,136,14:57,0,0,,54,124,23,51
Zach Whitecloud,28,D,74,4,9,13,7,37,4,0,0,0,9,0,0,72,5.6,194,17:31,0,0,,103,117,14,74
Artem Zub,29,D,56,2,11,13,3,34,2,0,0,1,8,1,2,57,3.5,136,20:38,0,0,,118,58,19,50
Justin Barron,23,D,62,6,7,13,-18,23,6,0,0,0,6,1,0,73,8.2,172,17:26,0,0,,83,80,14,54
Carson Soucy,30,D,75,4,9,13,-11,46,4,0,0,2,9,0,0,81,4.9,196,17:55,0,0,,106,115,17,78
Noel Acciari,33,C,79,5,7,12,-25,16,5,0,0,0,6,0,1,75,6.7,151,13:46,321,277,53.7,100,180,14,33
Declan Chisholm,25,D,66,2,10,12,-5,10,1,1,0,1,9,1,0,69,2.9,161,17:00,0,0,,69,33,27,83
Sam Colangelo,23,RW,32,10,2,12,-4,2,8,2,0,1,2,0,0,41,24.4,88,12:29,4,11,26.7,17,67,1,17
Nicolas Hague,26,D,68,5,7,12,-2,40,5,0,0,1,7,0,0,74,6.8,177,17:00,0,0,,74,82,18,56
Alexander Holtz,23,RW,53,4,8,12,-3,10,3,1,0,0,7,1,0,69,5.8,136,11:35,3,10,23.1,15,39,3,35
Kevin Labanc,29,RW,34,2,10,12,1,12,2,0,0,0,10,0,0,35,5.7,93,10:30,0,3,0,14,29,6,14
Trevor Lewis,38,C,60,6,6,12,-4,20,6,0,0,1,6,0,0,53,11.3,114,10:13,92,106,46.5,35,100,4,22
Alec Martinez,37,D,44,5,7,12,-15,8,5,0,0,0,5,2,0,38,13.2,116,18:44,0,0,,81,24,9,41
Brayden Pachal,25,D,76,3,9,12,5,88,3,0,0,0,8,0,1,61,4.9,196,14:14,0,0,,83,159,16,64
Cole Smith,29,F,71,4,8,12,-15,69,4,0,0,0,7,0,1,69,5.8,140,13:36,9,8,52.9,29,163,18,41
Henry Thrun,23,D,60,2,10,12,-23,30,2,0,0,0,10,0,0,52,3.8,114,17:31,0,0,,66,43,12,37
Brandon Carlo,28,D,83,1,11,12,6,37,1,0,0,0,11,0,0,77,1.3,202,18:54,0,0,,157,90,21,107
Marat Khusnutdinov,22,C,75,5,7,12,-11,20,5,0,0,0,5,1,1,41,12.2,77,12:05,189,244,43.6,47,55,6,47
John Beecher,23,C,78,3,8,11,-9,26,3,0,0,0,8,0,0,44,6.8,98,11:17,281,261,51.8,71,85,14,49
William Carrier,30,LW,43,4,7,11,0,16,4,0,0,1,7,0,0,48,8.3,114,11:44,6,6,50,12,156,11,19
Anthony Duclair,29,LW,44,7,4,11,-15,10,4,3,0,0,4,0,0,60,11.7,121,15:03,0,1,0,21,26,9,43
Sean Durzi,26,D,30,4,7,11,4,19,3,1,0,0,6,1,0,39,10.3,131,20:39,0,0,,52,15,11,46
Derek Forbort,32,D,54,2,9,11,-7,45,2,0,0,1,8,1,0,39,5.1,115,17:06,0,0,,77,65,8,55
Collin Graf,22,F,33,5,6,11,-4,8,3,1,1,1,3,3,0,40,12.5,64,15:52,4,8,33.3,15,20,7,15
Zachary Jones,24,D,46,1,10,11,0,24,1,0,0,0,9,1,0,51,2,118,17:15,0,0,,46,28,16,40
Kyle MacLean,25,F,81,4,7,11,-15,14,4,0,0,0,7,0,0,61,6.6,120,9:58,273,293,48.2,29,108,12,26
Matthew Poitras,20,C,33,1,10,11,-5,8,1,0,0,1,10,0,0,29,3.4,76,13:05,59,70,45.7,10,12,14,28
Aatu Räty,22,C,33,7,4,11,-1,14,7,0,0,0,3,1,0,34,20.6,60,10:39,192,141,57.7,7,80,2,8
Elmer Söderblom,23,RW,26,4,7,11,2,6,4,0,0,1,7,0,0,38,10.5,84,13:22,4,11,26.7,12,43,5,21
Alexandre Texier,25,C,31,6,5,11,-3,10,5,1,0,1,4,1,0,50,12,89,12:29,0,2,0,11,20,5,13
Jakub Lauko,24,C,56,5,6,11,-13,47,4,0,1,2,6,0,0,42,11.9,87,10:43,1,9,10,39,119,6,25
Nathan Bastian,27,RW,59,4,6,10,-4,31,2,1,1,1,6,0,0,44,9.1,84,10:56,8,17,32,27,138,2,24
Simon Benoit,26,D,78,1,9,10,12,59,1,0,0,0,8,0,1,48,2.1,102,16:33,0,0,,111,204,16,70
Brett Berard,22,LW,35,6,4,10,-6,8,6,0,0,1,4,0,0,59,10.2,108,10:43,3,4,42.9,20,53,7,18
T.J. Brodie,34,D,54,2,8,10,-18,18,2,0,0,0,8,0,0,23,8.7,77,15:38,0,0,,58,16,14,46
Dennis Cholowski,26,D,39,3,7,10,-3,10,3,0,0,0,5,2,0,30,10,75,13:04,0,0,,33,5,8,38
Mathew Dumba,30,D,63,1,9,10,-5,60,1,0,0,0,8,1,0,57,1.8,199,15:18,0,0,,60,70,16,62
Adam Klapka,24,F,31,6,4,10,-3,29,6,0,0,0,4,0,0,44,13.6,75,9:39,6,11,35.3,25,108,6,11
Tyler Kleven,23,D,79,4,6,10,-11,27,4,0,0,1,5,1,0,78,5.1,189,14:28,0,0,,97,105,30,64
Kaedan Korczak,24,D,40,0,10,10,15,2,0,0,0,0,10,0,0,34,0,87,15:04,0,0,,40,59,7,36
Beck Malenstyn,26,LW,76,4,6,10,-16,29,4,0,0,0,6,0,0,67,6,133,10:32,19,15,55.9,63,191,10,39
Kevin Rooney,31,C,70,5,5,10,-6,14,5,0,0,0,4,0,1,54,9.3,104,9:25,195,218,47.2,39,109,9,30
Jack Thompson,22,D,31,4,6,10,-9,10,4,0,0,0,3,3,0,41,9.8,98,15:47,0,0,,54,12,7,37
Jesse Puljujärvi,26,RW,31,4,6,10,-1,25,4,0,0,0,5,1,0,50,8,103,11:47,0,1,0,9,80,3,15
Vinnie Hinostroza,30,C,38,5,5,10,2,10,2,3,0,1,5,0,0,48,10.4,104,13:01,7,10,41.2,12,41,8,31
Connor Dewar,25,C,48,4,6,10,-3,14,4,0,0,0,5,0,1,55,7.3,104,11:33,53,71,42.7,37,129,6,36
Henri Jokiharju,25,D,60,3,7,10,13,14,3,0,0,2,7,0,0,59,5.1,174,17:50,0,0,,53,50,13,64
Jordan Oesterle,32,D,37,4,6,10,0,4,4,0,0,0,6,0,0,38,10.5,100,17:09,0,0,,57,27,15,51
Cam Atkinson,35,RW,39,4,5,9,-4,11,3,1,0,0,5,0,0,47,8.5,68,9:00,1,2,33.3,10,15,3,12
Lian Bichsel,20,D,38,4,5,9,2,41,4,0,0,1,5,0,0,39,10.3,100,14:53,0,0,,23,155,4,22
Marc Del Gaizo,25,D,46,2,7,9,-3,21,2,0,0,0,7,0,0,76,2.6,158,16:45,0,0,,53,71,19,38
Adam Edstrom,24,C,51,5,4,9,-5,27,5,0,0,2,4,0,0,40,12.5,72,9:16,0,4,0,34,94,7,19
Marc Gatcomb,25,F,39,8,1,9,-4,11,8,0,0,1,1,0,0,41,19.5,74,9:47,5,7,41.7,23,149,7,12
Carl Grundström,27,RW,56,3,6,9,-21,24,3,0,0,0,6,0,0,88,3.4,151,9:36,3,4,42.9,18,172,5,35
Joel Hanley,33,D,53,2,7,9,12,21,2,0,0,1,7,0,0,42,4.8,129,18:35,0,0,,90,55,7,67
Albert Johansson,24,D,61,3,6,9,-11,30,3,0,0,2,6,0,0,48,6.3,130,16:22,0,0,,83,70,15,54
Tyson Jost,26,C,39,4,5,9,2,33,4,0,0,0,5,0,0,44,9.1,77,10:22,57,69,45.2,17,46,6,9
Josh Mahura,26,D,64,0,9,9,5,20,0,0,0,0,9,0,0,58,0,135,13:45,0,0,,54,89,10,41
Scott Mayfield,32,D,66,3,6,9,18,27,2,0,1,0,6,0,0,51,5.9,151,17:00,0,0,,105,89,27,59
Daniil Miromanov,27,D,44,2,7,9,2,12,2,0,0,1,7,0,0,52,3.8,143,17:41,0,0,,55,19,11,42
Tyler Motte,29,C,55,4,5,9,-11,6,4,0,0,0,5,0,0,66,6.1,134,11:19,60,85,41.4,48,72,16,31
Shakir Mukhamadullin,23,D,30,2,7,9,-7,8,2,0,0,0,5,2,0,30,6.7,84,18:04,0,0,,51,25,5,33
Tomáš Nosek,32,C,59,1,8,9,4,10,0,1,0,0,7,0,1,47,2.1,114,9:49,236,220,51.8,24,83,5,20
Jan Rutta,34,D,54,3,6,9,-3,28,3,0,0,0,6,0,0,55,5.5,152,17:15,0,0,,81,40,11,55
Jonas Siegenthaler,27,D,55,2,7,9,9,44,2,0,0,0,7,0,0,52,3.8,133,19:36,0,0,,92,75,14,59
Scott Perunovich,26,D,35,2,7,9,-3,10,2,0,0,0,7,0,0,18,11.1,43,16:00,0,0,,37,15,10,29
Nolan Allan,21,D,43,1,7,8,-13,16,1,0,0,0,7,0,0,17,5.9,64,15:08,0,0,,48,61,8,22
Erik Brännström,25,D,28,3,5,8,-4,17,3,0,0,1,4,1,0,33,9.1,81,14:56,0,0,,39,14,6,26
Seamus Casey,21,D,14,4,4,8,3,0,2,2,0,1,3,1,0,12,33.3,28,12:39,0,0,,7,10,2,16
Jake Christiansen,25,D,68,1,7,8,6,11,1,0,0,0,7,0,0,58,1.7,135,12:32,0,0,,65,50,8,51
Luca Del Bel Belluz,21,C,15,2,6,8,2,0,2,0,0,0,5,1,0,18,11.1,30,13:45,65,86,43,12,4,3,9
Ty Dellandrea,24,C,68,1,7,8,-31,59,1,0,0,0,6,0,1,50,2,117,11:48,209,210,49.9,47,163,9,33
Barclay Goodrow,31,RW,77,5,3,8,-37,75,4,0,1,0,3,0,0,73,6.8,141,13:47,108,144,42.9,60,150,26,54
Jordan Greenway,27,LW,34,3,5,8,-4,45,3,0,0,0,5,0,0,36,8.3,88,15:04,7,27,20.6,29,100,7,23
Justin Holl,33,D,73,2,6,8,-7,16,2,0,0,0,6,0,0,41,4.9,107,14:48,0,0,,78,35,8,66
Ivan Ivan,22,F,40,5,3,8,-9,8,3,2,0,0,2,1,0,34,14.7,65,10:02,56,81,40.9,9,12,2,22
Wyatt Kaiser,22,D,57,4,4,8,0,14,4,0,0,0,4,0,0,66,6.1,127,18:07,0,0,,93,54,23,60
Justin Kirkland,28,LW,21,2,6,8,6,11,2,0,0,0,6,0,0,9,22.2,23,9:42,54,72,42.9,16,45,3,8
Rasmus Kupari,24,C,59,5,3,8,-1,16,5,0,0,1,3,0,0,53,9.4,99,10:16,262,237,52.5,31,77,9,30
Hendrix Lapierre,22,C,27,0,8,8,-3,4,0,0,0,0,8,0,0,18,0,37,9:48,40,61,39.6,14,12,5,17
Brock McGinn,30,LW,26,4,4,8,1,0,4,0,0,0,4,0,0,30,13.3,48,11:43,1,7,12.5,28,61,7,8
Jacob Moverare,26,D,49,1,7,8,2,10,1,0,0,0,7,0,0,30,3.3,76,11:52,0,0,,60,31,7,24
Jeff Petry,37,D,44,1,7,8,-2,16,1,0,0,1,6,1,0,33,3,107,18:54,0,0,,77,51,16,51
Matt Rempe,22,C,42,3,5,8,7,67,3,0,0,0,5,0,0,30,10,59,8:30,2,11,15.4,14,117,4,8
Cole Schwindt,23,RW,42,1,7,8,3,0,1,0,0,0,7,0,0,32,3.1,68,9:15,110,108,50.5,17,41,6,21
Miles Wood,29,LW,37,4,4,8,-5,48,4,0,0,1,4,0,0,60,6.7,122,11:21,3,8,27.3,15,48,6,26
Calvin de Haan,33,D,47,0,8,8,-4,12,0,0,0,0,8,0,0,51,0,146,14:58,0,0,,63,71,7,35
Jimmy Vesey,31,LW,43,5,3,8,-4,0,5,0,0,0,3,0,0,36,13.9,75,10:39,3,12,20,12,32,7,23
Victor Mancini,22,D,31,2,6,8,-9,10,1,1,0,0,6,0,0,27,7.4,72,15:18,0,0,,41,38,3,29
Jacob Bernard-Docker,24,D,40,2,6,8,5,17,2,0,0,0,6,0,0,32,6.3,94,13:37,0,0,,50,30,3,22
Emil Andrae,22,D,42,1,6,7,-5,16,1,0,0,0,3,3,0,52,1.9,127,17:21,0,0,,50,46,16,44
Jake Bean,26,D,64,2,5,7,0,8,2,0,0,0,5,0,0,71,2.8,170,15:05,0,0,,43,22,27,46
Jacob Bryson,27,D,48,0,7,7,-9,10,0,0,0,0,7,0,0,20,0,54,14:24,0,0,,51,15,8,33
Colton Dach,22,C,25,2,5,7,-3,17,2,0,0,0,5,0,0,27,7.4,47,12:08,6,6,50,12,86,13,12
Justin Dowling,34,C,52,2,5,7,-6,6,2,0,0,0,5,0,0,34,5.9,86,10:13,158,169,48.3,22,51,14,29
Christian Fischer,27,RW,46,1,6,7,-6,11,1,0,0,0,6,0,0,31,3.2,66,11:07,9,7,56.3,19,93,4,15
Haydn Fleury,28,D,39,0,7,7,-12,6,0,0,0,0,7,0,0,38,0,105,15:56,0,0,,56,48,3,39
Ethen Frank,26,F,24,4,3,7,3,6,4,0,0,1,2,1,0,23,17.4,42,10:49,0,1,0,16,11,5,10
Luke Glendening,35,C,77,4,3,7,-9,10,3,0,1,0,2,0,1,51,7.8,97,10:47,502,379,57,58,105,6,19
Travis Hamonic,34,D,59,1,6,7,-16,19,1,0,0,0,6,0,0,72,1.4,191,17:04,0,0,,92,73,17,62
Samuel Helenius,22,C,50,4,3,7,1,25,4,0,0,1,3,0,0,29,13.8,64,8:39,130,148,46.8,16,150,4,22
Calle Järnkrok,33,C,19,1,6,7,1,4,0,1,0,0,6,0,0,9,11.1,26,13:14,2,7,22.2,9,15,1,4
Ville Koivunen,21,RW,8,0,7,7,0,4,0,0,0,0,4,3,0,15,0,30,18:07,1,0,100,8,1,3,6
Klim Kostin,25,C,35,1,6,7,-6,27,1,0,0,0,5,1,0,28,3.6,52,10:41,4,9,30.8,17,111,5,27
Sam Lafferty,29,C,60,4,3,7,-15,28,4,0,0,0,3,0,0,50,8,93,9:53,79,77,50.6,16,89,5,22
Hampus Lindholm,31,D,17,3,4,7,-4,4,3,0,0,1,3,1,0,35,8.6,81,20:51,0,0,,17,5,14,30
Anthony Mantha,30,RW,13,4,3,7,6,11,2,1,1,1,3,0,0,15,26.7,35,13:54,3,6,33.3,8,16,3,7
Mikael Pyyhtia,23,LW,47,4,3,7,-11,6,3,0,1,0,3,0,0,32,12.5,71,12:06,2,1,66.7,39,25,9,26
Max Sasson,24,F,29,3,4,7,1,0,3,0,0,0,4,0,0,31,9.7,46,10:20,47,63,42.7,13,18,6,12
Troy Stecher,30,D,66,3,4,7,-2,27,3,0,0,0,4,0,0,55,5.5,133,13:52,0,0,,66,35,11,50
Tyler Tucker,24,D,38,3,4,7,4,55,3,0,0,0,3,0,1,33,9.1,98,14:35,0,0,,39,81,13,28
Parker Wotherspoon,27,D,55,1,6,7,-10,10,1,0,0,0,6,0,0,44,2.3,103,18:02,0,0,,66,75,15,68
Noah Gregor,26,C,52,4,3,7,-21,28,3,0,1,2,3,0,0,60,6.7,145,11:06,4,3,57.1,33,94,7,17
Vladislav Kolyachonok,23,D,35,2,5,7,-12,10,2,0,0,1,5,0,0,20,10,57,13:01,0,0,,31,27,6,32
Luke Schenn,35,D,76,1,6,7,-4,45,1,0,0,0,6,0,0,77,1.3,197,15:57,0,0,,104,300,16,63
Daniel Sprong,27,RW,30,2,5,7,-1,2,1,1,0,1,4,1,0,55,3.6,112,12:12,0,4,0,4,32,4,14
Nils Åman,24,C,19,1,5,6,-2,2,1,0,0,0,5,0,0,8,12.5,20,10:29,28,46,37.8,2,22,3,3
Ethan Del Mastro,22,D,24,2,4,6,-3,6,2,0,0,0,4,0,0,19,10.5,50,18:19,0,0,,21,40,6,25
Nick DeSimone,30,D,20,1,5,6,4,0,1,0,0,0,5,0,0,24,4.2,49,15:35,0,0,,14,14,5,25
Phillip Di Giuseppe,31,LW,20,1,5,6,-2,4,1,0,0,0,5,0,0,23,4.3,38,11:34,1,4,20,6,54,1,4
Zemgus Girgensons,31,C,82,2,4,6,-7,47,2,0,0,1,4,0,0,83,2.4,157,11:40,61,68,47.3,50,174,10,30
David Gustafsson,24,C,36,2,4,6,10,7,2,0,0,0,4,0,0,30,6.7,58,8:59,99,99,50,18,19,2,7
Jansen Harkins,27,C,62,2,4,6,-13,21,2,0,0,1,4,0,0,49,4.1,93,10:56,117,102,53.4,41,136,15,38
Matthew Highmore,28,LW,41,2,4,6,-5,10,2,0,0,1,4,0,0,33,6.1,66,11:10,5,14,26.3,19,50,4,23
Jack Johnson,38,D,41,0,6,6,-13,2,0,0,0,0,6,0,0,23,0,60,12:52,0,0,,35,21,8,19
Linus Karlsson,25,C,23,3,3,6,5,6,2,1,0,1,2,1,0,28,10.7,57,10:56,1,4,20,8,27,3,6
Jonathan Lekkerimaki,20,RW,24,3,3,6,-6,2,3,0,0,0,1,2,0,30,10,57,12:30,0,1,0,6,16,4,8
Artyom Levshunov,19,D,18,0,6,6,-13,8,0,0,0,0,4,2,0,21,0,66,20:19,0,0,,20,19,4,26
Jonathon Merrill,32,D,70,2,4,6,-8,20,2,0,0,0,4,0,0,47,4.3,111,14:06,0,0,,85,41,14,64
Scott Morrow,22,D,14,1,5,6,4,0,1,0,0,0,5,0,0,23,4.3,61,15:48,0,0,,16,3,5,21
Nikita Nesterenko,23,C,20,4,2,6,-4,2,4,0,0,0,2,0,0,20,20,41,10:19,0,3,0,7,46,2,7
Jani Nyman,20,RW,12,3,3,6,-3,4,1,2,0,0,2,1,0,22,13.6,48,13:59,1,0,100,7,13,2,5
Anthony Richard,28,C,15,2,4,6,-3,0,2,0,0,0,3,1,0,19,10.5,36,12:22,0,2,0,8,8,3,6
Derek Ryan,38,C,36,1,5,6,-4,12,1,0,0,0,5,0,0,20,5,42,9:21,151,99,60.4,21,25,9,11
Landon Slaggert,22,LW,33,2,4,6,-7,23,2,0,0,1,4,0,0,34,5.9,60,12:18,0,1,0,13,25,9,12
Brendan Smith,35,D,32,1,5,6,-9,33,0,0,1,0,5,0,0,27,3.7,80,13:13,0,0,,23,41,7,28
Arber Xhekaj,24,D,70,1,5,6,-13,118,1,0,0,0,5,0,0,69,1.4,175,14:37,0,0,,63,180,16,59
Dennis Gilbert,28,D,29,0,6,6,-3,50,0,0,0,0,6,0,0,9,0,30,10:29,0,0,,36,63,6,13
Oliver Wahlstrom,24,RW,43,3,3,6,-6,37,3,0,0,1,2,1,0,54,5.6,105,10:14,6,2,75,30,34,5,11
Rodrigo Abols,29,C,22,2,3,5,-10,4,2,0,0,0,3,0,0,25,8,48,9:11,66,47,58.4,12,25,4,14
Isaiah George,20,D,33,1,4,5,-3,6,1,0,0,1,4,0,0,26,3.8,74,15:39,0,0,,34,14,6,26
Jordan Harris,24,D,33,1,4,5,-1,6,1,0,0,0,4,0,0,15,6.7,39,11:23,0,0,,35,23,4,16
Tyson Kozak,22,C,21,3,2,5,-2,2,2,1,0,0,2,0,0,11,27.3,35,10:29,67,78,46.2,23,26,2,10
Curtis Lazar,29,C,48,2,3,5,-6,14,2,0,0,0,3,0,0,27,7.4,51,10:34,205,195,51.3,17,107,3,11
Nick Leddy,33,D,31,2,3,5,6,2,2,0,0,0,3,0,0,21,9.5,50,18:40,0,0,,26,5,11,43
Vinni Lettieri,29,C,26,3,2,5,-9,6,3,0,0,0,2,0,0,52,5.8,95,13:31,11,11,50,16,60,10,6
Nils Lundkvist,24,D,39,0,5,5,4,20,0,0,0,0,5,0,0,52,0,145,15:01,0,0,,34,23,6,31
Olle Lycksell,25,RW,19,0,5,5,-3,2,0,0,0,0,4,1,0,10,0,34,11:53,2,2,50,5,9,4,17
Philippe Myers,28,D,36,2,3,5,0,15,2,0,0,0,3,0,0,46,4.3,121,16:14,0,0,,42,76,13,45
Liam Ohgren,21,LW,24,2,3,5,-6,2,2,0,0,1,2,1,0,32,6.3,66,11:06,0,0,,12,24,5,9
Sam Rinzel,20,D,9,0,5,5,1,0,0,0,0,0,2,3,0,22,0,51,23:22,0,0,,5,12,2,13
Ryan Shea,27,D,39,2,3,5,-9,14,2,0,0,0,2,1,0,19,10.5,65,16:44,0,0,,51,20,14,35
Devin Shore,30,C,55,1,4,5,-8,6,1,0,0,0,4,0,0,41,2.4,77,8:39,51,52,49.5,37,76,7,14
Juuso Välimäki,26,D,43,2,3,5,-5,14,2,0,0,0,3,0,0,40,5,109,16:33,0,0,,49,23,11,40
Adam Wilsby,24,D,23,1,4,5,3,6,1,0,0,0,4,0,0,33,3,75,18:06,0,0,,17,18,10,24
Oliver Kylington,27,D,19,1,4,5,-2,8,1,0,0,0,4,0,0,6,16.7,31,12:18,0,0,,18,3,5,15
Fraser Minten,20,C,21,3,2,5,-5,2,3,0,0,1,1,1,0,24,12.5,52,13:01,77,91,45.8,10,48,2,10
Erik Johnson,36,D,36,2,3,5,1,15,2,0,0,0,2,0,1,37,5.4,78,14:35,0,0,,26,59,16,26
Kieffer Bellows,26,LW,19,2,2,4,-6,6,2,0,0,1,0,2,0,28,7.1,57,10:40,2,1,66.7,6,35,3,10
Lucas Carlsson,27,D,13,1,3,4,-2,14,1,0,0,1,3,0,0,15,6.7,40,19:22,0,0,,14,4,6,6
Louis Crevier,23,D,32,3,1,4,-6,10,3,0,0,0,1,0,0,28,10.7,72,17:17,0,0,,49,70,4,30
Hudson Fasching,29,RW,43,2,2,4,-4,6,2,0,0,0,2,0,0,51,3.9,90,11:05,2,8,20,17,28,9,27
Jonah Gadjovich,26,LW,42,4,0,4,-7,60,4,0,0,2,0,0,0,43,9.3,89,8:27,3,2,60,21,127,2,4
Ryan Graves,29,D,61,1,3,4,-15,29,1,0,0,0,3,0,0,39,2.6,134,14:59,0,0,,73,75,18,63
Erik Gudbranson,33,D,16,0,4,4,1,6,0,0,0,0,4,0,0,12,0,40,17:46,0,0,,19,26,3,16
Juha Jaaska,26,F,18,0,4,4,0,9,0,0,0,0,3,0,1,11,0,28,8:56,16,15,51.6,3,20,1,8
Ross Johnston,30,LW,43,1,3,4,-2,72,1,0,0,1,3,0,0,9,11.1,31,8:41,0,2,0,20,134,3,18
Arthur Kaliyev,23,RW,14,3,1,4,2,2,3,0,0,0,1,0,0,21,14.3,35,11:13,0,0,,2,7,0,4
Rory Kerins,22,C,5,0,4,4,3,0,0,0,0,0,3,1,0,3,0,13,12:14,2,4,33.3,2,4,0,5
John Klingberg,32,D,11,1,3,4,0,8,1,0,0,0,3,0,0,19,5.3,39,17:15,0,0,,13,5,1,14
Logan Mailloux,21,D,7,2,2,4,-5,6,2,0,0,0,2,0,0,10,20,22,16:12,0,0,,8,9,0,4
Nikolas Matinpalo,26,D,41,1,3,4,-2,20,1,0,0,0,3,0,0,43,2.3,94,12:37,0,0,,29,25,8,31
Ivan Miroshnichenko,20,LW,18,1,3,4,1,0,1,0,0,0,2,1,0,14,7.1,32,9:21,0,0,,8,28,3,11
Oliver Moore,20,C,9,0,4,4,-2,4,0,0,0,0,4,0,0,10,0,16,13:35,11,16,40.7,2,6,1,11
Simon Nemec,20,D,27,2,2,4,-10,14,2,0,0,1,0,2,0,26,7.7,63,14:59,0,0,,26,2,5,24
Zack Ostapchuk,21,C,56,1,3,4,-8,45,1,0,0,0,3,0,0,26,3.8,53,9:25,137,145,48.6,21,110,8,19
Jimmy Snuggerud,20,RW,7,1,3,4,0,0,0,1,0,0,3,0,0,10,10,27,15:28,0,0,,4,3,4,7
Tyson Barrie,33,D,13,1,2,3,-7,4,1,0,0,0,0,2,0,19,5.3,40,15:48,0,0,,12,10,2,11
Kyle Burroughs,29,D,33,0,3,3,3,39,0,0,0,0,3,0,0,6,0,28,7:49,0,0,,14,42,3,19
Nikita Chibrikov,21,RW,4,2,1,3,1,0,2,0,0,0,0,1,0,6,33.3,10,11:24,0,0,,4,9,1,3
Vincent Desharnais,28,D,51,0,3,3,-9,45,0,0,0,0,3,0,0,28,0,92,15:55,0,0,,83,87,3,40
Nicolas Deslauriers,33,LW,31,2,1,3,-9,15,2,0,0,0,1,0,0,25,8,55,7:38,1,2,33.3,9,85,1,9
Dryden Hunt,29,LW,5,0,3,3,-1,0,0,0,0,0,3,0,0,5,0,8,11:39,2,0,100,3,10,2,4
Matthew Kessel,24,D,29,0,3,3,-3,10,0,0,0,0,3,0,0,17,0,55,13:08,0,0,,23,22,6,31
Pyotr Kochetkov,25,G,47,0,3,3,0,8,0,0,0,0,2,1,0,1,0,1,59:23:00,0,0,,0,0,0,17
Maveric Lamoureux,21,D,15,1,2,3,3,42,1,0,0,0,2,0,0,17,5.9,41,16:07,0,0,,11,18,3,16
Andre Lee,24,LW,19,1,2,3,-5,11,1,0,0,1,2,0,0,18,5.6,31,9:10,0,0,,10,36,4,8
Cameron Lund,20,C,11,2,1,3,-10,4,1,1,0,0,1,0,0,12,16.7,19,11:30,2,1,66.7,2,7,1,2
Fabian Lysell,22,RW,12,1,2,3,-4,6,0,1,0,1,2,0,0,21,4.8,38,13:27,0,0,,2,5,2,3
Zack MacEwen,28,C,21,2,1,3,0,21,2,0,0,0,1,0,0,26,7.7,47,7:46,6,8,42.9,7,49,3,7
Rutger McGroarty,20,RW,8,1,2,3,0,0,1,0,0,0,2,0,0,11,9.1,22,14:37,0,1,0,5,12,2,5
Alex Nedeljkovic,29,G,38,1,2,3,0,2,1,0,0,0,1,1,0,1,100,1,56:36:00,0,0,,0,0,0,13
Matthew Nieto,32,LW,32,1,2,3,-8,4,1,0,0,0,1,1,0,31,3.2,46,12:15,2,3,40,20,39,1,19
Elias Pettersson,20,D,28,1,2,3,-4,17,1,0,0,0,2,0,0,19,5.3,68,12:49,0,0,,16,39,1,24
Owen Pickering,21,D,25,1,2,3,-5,6,1,0,0,0,2,0,0,15,6.7,51,14:49,0,0,,19,13,5,11
Valtteri Puustinen,25,RW,13,2,1,3,-4,4,0,2,0,0,1,0,0,8,25,16,9:54,0,0,,5,10,3,4
Ilya Sorokin,29,G,61,1,2,3,0,2,1,0,0,0,2,0,0,0,,0,57:21:00,0,0,,0,0,0,5
Spencer Stastney,25,D,23,0,3,3,-7,4,0,0,0,0,3,0,0,15,0,43,16:11,0,0,,24,8,5,20
Mitchell Stephens,27,C,28,1,2,3,-8,6,1,0,0,0,2,0,0,19,5.3,37,9:14,104,90,53.6,4,25,1,8
Akil Thomas,25,C,25,1,2,3,-4,7,1,0,0,0,2,0,0,20,5,36,9:55,18,23,43.9,12,42,1,5
Marc-Édouard Vlasic,37,D,27,1,2,3,-10,2,1,0,0,0,1,0,1,20,5,52,14:38,0,0,,40,4,4,26
Austin Watson,33,LW,13,3,0,3,1,17,3,0,0,0,0,0,0,13,23.1,23,7:51,2,1,66.7,2,36,1,5
Dustin Wolf,23,G,53,0,3,3,0,2,0,0,0,0,2,1,0,0,,0,60:03:00,0,0,,0,0,0,19
Kailer Yamamoto,26,RW,12,2,1,3,-1,2,1,1,0,0,0,1,0,13,15.4,26,12:07,2,0,100,4,9,1,8
Walker Duehr,27,F,24,2,1,3,-11,0,2,0,0,0,1,0,0,15,13.3,33,8:48,1,8,11.1,15,49,0,12
Andreas Englund,29,D,35,1,2,3,-9,48,1,0,0,0,2,0,0,17,5.9,43,13:16,0,0,,40,78,6,23
David Jiříček,21,D,12,1,2,3,0,6,1,0,0,0,2,0,0,9,11.1,25,12:07,0,0,,7,12,3,15
Pierre-Olivier Joseph,25,D,47,0,3,3,-22,45,0,0,0,0,3,0,0,42,0,122,15:16,0,0,,36,36,20,53
Marc McLaughlin,25,F,14,2,1,3,-2,0,2,0,0,0,1,0,0,13,15.4,24,9:12,14,18,43.8,6,28,2,6
Nicolas Aubé-Kubel,28,RW,22,1,1,2,-5,19,1,0,0,0,1,0,0,18,5.6,42,9:25,5,3,62.5,3,40,9,12
Robert Bortuzzo,35,D,17,0,2,2,-2,22,0,0,0,0,2,0,0,8,0,18,10:57,0,0,,26,21,0,18
Luca Cagnoni,20,D,6,0,2,2,-4,8,0,0,0,0,1,1,0,7,0,23,17:39,0,0,,9,1,2,5
Joey Daccord,28,G,57,0,2,2,0,0,0,0,0,0,1,0,1,1,0,2,57:49:00,0,0,,0,0,0,25
Ivan Demidov,19,RW,2,1,1,2,1,0,1,0,0,0,1,0,0,5,20,10,13:43,0,1,0,0,2,0,1
Filip Gustavsson,26,G,58,1,1,2,0,0,0,1,0,0,0,1,0,2,50,2,59:02:00,0,0,,0,0,0,14
John Hayden,29,C,20,1,1,2,0,31,1,0,0,0,1,0,0,20,5,38,8:31,31,27,53.4,19,44,3,5
Ben Hutton,31,D,11,0,2,2,0,0,0,0,0,0,2,0,0,11,0,28,13:14,0,0,,19,10,0,4
Grant Hutton,29,D,13,0,2,2,1,4,0,0,0,0,2,0,0,10,0,20,13:28,0,0,,12,13,2,8
Connor Ingram,27,G,22,0,2,2,0,4,0,0,0,0,2,0,0,0,,0,55:00:00,0,0,,0,0,0,11
Tyler Johnson,34,C,9,0,2,2,-1,10,0,0,0,0,1,1,0,6,0,16,13:05,7,4,63.6,2,5,0,2
Max Jones,26,LW,26,1,1,2,-13,18,1,0,0,0,1,0,0,17,5.9,44,9:23,0,0,,8,71,1,8
Oliver Kapanen,21,C,18,0,2,2,-5,2,0,0,0,0,1,1,0,16,0,36,10:53,24,32,42.9,8,1,1,8
Spencer Knight,23,G,38,0,2,2,0,0,0,0,0,0,2,0,0,0,,0,57:58:00,0,0,,0,0,0,20
Kevin Korchinski,20,D,16,1,1,2,-5,8,1,0,0,0,1,0,0,14,7.1,32,17:05,0,0,,14,2,4,14
John Ludvig,24,D,8,0,2,2,-4,6,0,0,0,0,2,0,0,9,0,13,12:57,0,0,,6,16,1,5
Matt Martin,35,LW,32,0,2,2,-5,10,0,0,0,0,2,0,0,17,0,39,8:33,8,7,53.3,19,82,3,15
Dylan McIlrath,32,D,17,0,2,2,-3,28,0,0,0,0,2,0,0,10,0,36,11:39,0,0,,14,38,3,17
Keaton Middleton,26,D,41,0,2,2,0,28,0,0,0,0,2,0,0,44,0,111,11:29,0,0,,37,69,7,27
Liam O'Brien,30,C,28,0,2,2,1,50,0,0,0,0,2,0,0,34,0,73,9:18,0,4,0,11,100,2,8
Brennan Othmann,22,LW,22,0,2,2,7,2,0,0,0,0,2,0,0,20,0,49,9:58,0,3,0,7,43,1,6
Noah Philp,26,F,15,0,2,2,1,2,0,0,0,0,2,0,0,17,0,35,9:05,40,62,39.2,7,15,1,8
Ryan Reaves,38,RW,35,0,2,2,-2,28,0,0,0,0,2,0,0,14,0,31,7:48,0,1,0,8,103,4,10
Mike Reilly,31,D,18,0,2,2,-3,2,0,0,0,0,2,0,0,31,0,68,15:10,0,0,,14,3,2,16
Cole Reinhardt,24,LW,17,1,1,2,-4,15,1,0,0,0,1,0,0,13,7.7,22,8:12,1,0,100,2,37,1,7
Justin Robidas,21,C,2,1,1,2,1,0,1,0,0,0,1,0,0,3,33.3,7,11:09,8,10,44.4,0,2,0,1
Joshua Roy,21,RW,12,2,0,2,-6,2,2,0,0,0,0,0,0,14,14.3,30,11:01,1,0,100,8,6,3,5
Michael Sgarbossa,32,C,3,1,1,2,2,2,1,0,0,0,1,0,0,1,100,4,9:20,9,11,45,1,1,0,0
Ty Smith,24,D,8,1,1,2,1,4,0,1,0,0,1,0,0,14,7.1,26,13:40,0,0,,5,2,1,3
Alex Steeves,25,F,7,1,1,2,3,0,1,0,0,0,1,0,0,7,14.3,12,9:53,0,0,,1,19,0,0
Linus Ullmark,31,G,44,0,2,2,0,0,0,0,0,0,2,0,0,0,,1,56:04:00,0,0,,0,0,0,5
Andrei Vasilevskiy,30,G,63,0,2,2,0,8,0,0,0,0,2,0,0,0,,1,59:25:00,0,0,,0,0,0,23
Wyatt Aamodt,27,D,2,1,0,1,1,0,1,0,0,0,0,0,0,3,33.3,6,17:07,0,0,,9,6,1,3
Frederik Andersen,35,G,22,0,1,1,0,0,0,0,0,0,1,0,0,0,,0,59:59:00,0,0,,0,0,0,11
Joey Anderson,26,RW,18,0,1,1,-2,0,0,0,0,0,1,0,0,17,0,31,12:24,3,2,60,13,12,8,4
Jaret Anderson-Dolan,25,C,7,0,1,1,3,4,0,0,0,0,1,0,0,8,0,12,9:56,1,1,50,6,23,1,2
Yaroslav Askarov,22,G,13,0,1,1,0,0,0,0,0,0,1,0,0,0,,0,55:08:00,0,0,,0,0,0,6
Andreas Athanasiou,30,C,8,1,0,1,-1,0,1,0,0,0,0,0,0,8,12.5,15,10:02,26,30,46.4,6,6,2,2
Arshdeep Bains,24,F,13,1,0,1,-5,0,1,0,0,1,0,0,0,8,12.5,16,10:30,3,1,75,7,17,1,4
Owen Beck,20,C,12,0,1,1,-2,0,0,0,0,0,1,0,0,10,0,18,9:59,21,18,53.8,8,23,1,11
Emil Bemström,25,C,14,0,1,1,0,0,0,0,0,0,1,0,0,13,0,25,8:20,2,1,66.7,3,12,1,5
Clark Bishop,28,C,6,1,0,1,-2,0,1,0,0,0,0,0,0,4,25,4,7:15,7,11,38.9,2,8,1,2
Mackenzie Blackwood,28,G,56,0,1,1,0,2,0,0,0,0,0,1,0,1,0,1,57:34:00,0,0,,0,0,0,11
Matěj Blümel,24,RW,7,1,0,1,-1,0,1,0,0,0,0,0,0,10,10,15,8:26,0,0,,1,6,1,2
Sergei Bobrovsky,36,G,54,0,1,1,0,4,0,0,0,0,0,1,0,3,0,3,59:16:00,0,0,,0,0,0,20
Skyler Brind'Amour,25,C,2,1,0,1,-3,2,1,0,0,0,0,0,0,1,100,5,16:35,17,8,68,1,1,0,4
Josh Brown,31,D,10,0,1,1,-2,11,0,0,0,0,1,0,0,9,0,18,12:37,0,0,,18,21,0,3
Patrick Brown,32,C,15,0,1,1,-2,8,0,0,0,0,1,0,0,11,0,22,10:34,20,24,45.5,12,46,3,10
Callahan Burke,27,C,7,1,0,1,2,2,1,0,0,0,0,0,0,12,8.3,17,10:50,1,0,100,3,0,0,3
Drake Caggiula,30,LW,7,0,1,1,0,5,0,0,0,0,1,0,0,6,0,9,7:18,1,0,100,3,8,0,3
Michael Callahan,25,D,17,1,0,1,-5,7,1,0,0,0,0,0,0,9,11.1,29,14:09,0,0,,12,8,1,11
Ethan Cardwell,22,RW,6,1,0,1,-2,2,1,0,0,0,0,0,0,5,20,11,11:32,1,1,50,3,8,1,5
Declan Carlile,24,D,3,1,0,1,2,0,1,0,0,0,0,0,0,3,33.3,8,13:00,0,0,,2,1,0,3
Lucas Condotta,27,F,7,1,0,1,-2,0,1,0,0,0,0,0,0,5,20,10,8:12,17,12,58.6,3,10,0,2
Angus Crookshank,25,LW,8,0,1,1,-1,0,0,0,0,0,1,0,0,9,0,21,9:50,1,2,33.3,4,11,0,6
Casey DeSmith,33,G,27,0,1,1,0,2,0,0,0,0,1,0,0,0,,0,55:43:00,0,0,,0,0,0,3
Dylan Duke,21,LW,2,1,0,1,0,0,1,0,0,0,0,0,0,1,100,1,7:52,0,0,,0,5,0,0
John Farinacci,23,C,1,1,0,1,1,0,1,0,0,0,0,0,0,1,100,1,10:58,6,2,75,0,3,0,0
Cale Fleury,26,D,14,0,1,1,1,0,0,0,0,0,1,0,0,16,0,34,12:52,0,0,,28,30,5,10
Nolan Foote,24,LW,7,0,1,1,0,0,0,0,0,0,1,0,0,5,0,15,9:49,1,1,50,1,11,1,2
Parker Ford,24,F,3,1,0,1,1,2,1,0,0,0,0,0,0,2,50,4,7:50,0,0,,1,5,2,2
Brendan Gaunce,30,C,12,0,1,1,-4,4,0,0,0,0,1,0,0,11,0,25,9:42,39,42,48.1,7,18,2,7
Alexandar Georgiev,28,G,49,0,1,1,0,0,0,0,0,0,0,1,0,0,,0,54:32:00,0,0,,0,0,0,17
John Gibson,31,G,29,0,1,1,0,4,0,0,0,0,1,0,0,0,,0,53:52:00,0,0,,0,0,0,10
Patrick Giles,25,F,17,1,0,1,-3,0,1,0,0,0,0,0,0,15,6.7,21,9:14,33,64,34,7,21,1,8
Helge Grans,22,D,6,0,1,1,0,2,0,0,0,0,1,0,0,5,0,13,14:28,0,0,,5,4,2,8
Kevin Gravel,32,D,6,0,1,1,3,0,0,0,0,0,1,0,0,6,0,19,17:50,0,0,,8,7,0,7
Daniil Gushchin,22,LW,12,0,1,1,-3,6,0,0,0,0,1,0,0,16,0,41,12:18,1,0,100,6,6,0,1
Mike Hardman,25,RW,2,0,1,1,0,0,0,0,0,0,1,0,0,2,0,4,9:03,0,1,0,3,4,0,0
Ville Heinola,23,D,18,0,1,1,6,4,0,0,0,0,1,0,0,12,0,38,14:11,0,0,,16,8,7,15
Connor Hellebuyck,31,G,63,0,1,1,0,2,0,0,0,0,1,0,0,0,,0,59:23:00,0,0,,0,0,0,18
Joel Hofer,24,G,31,0,1,1,0,2,0,0,0,0,1,0,0,0,,0,54:09:00,0,0,,0,0,0,19
Justin Hryckowian,23,F,5,0,1,1,1,0,0,0,0,0,1,0,0,3,0,4,7:53,3,2,60,0,8,0,2
Arttu Hyry,23,F,5,0,1,1,0,0,0,0,0,0,1,0,0,5,0,8,9:05,11,5,68.8,3,4,1,1
Bokondji Imama,28,LW,16,1,0,1,2,30,1,0,0,1,0,0,0,10,10,13,5:40,0,0,,7,45,0,3
Tristan Jarry,29,G,36,0,1,1,0,2,0,0,0,0,1,0,0,0,,0,56:07:00,0,0,,0,0,0,13
Matt Kiersted,26,D,2,0,1,1,1,2,0,0,0,0,1,0,0,0,,2,12:41,0,0,,1,3,0,1
Joona Koppanen,26,LW,11,1,0,1,-3,0,1,0,0,0,0,0,0,10,10,16,13:23,18,28,39.1,3,40,0,11
Darcy Kuemper,34,G,50,0,1,1,0,12,0,0,0,0,1,0,0,0,,1,59:28:00,0,0,,0,0,0,9
Joseph LaBate,31,C,6,0,1,1,1,10,0,0,0,0,1,0,0,3,0,5,9:06,0,2,0,11,14,0,1
Tanner Laczynski,27,C,8,1,0,1,-1,6,1,0,0,0,0,0,0,2,50,6,8:36,16,21,43.2,3,3,0,0
William Lagesson,28,D,7,0,1,1,-1,4,0,0,0,0,1,0,0,5,0,10,14:34,0,0,,7,6,0,7
Brad Lambert,21,C,5,0,1,1,0,2,0,0,0,0,1,0,0,1,0,9,11:36,5,10,33.3,4,5,0,1
Kevin Lankinen,29,G,51,0,1,1,0,0,0,0,0,0,0,1,0,0,,0,59:13:00,0,0,,0,0,0,12
Jeremy Lauzon,27,D,28,0,1,1,-4,37,0,0,0,0,1,0,0,25,0,70,17:58,0,0,,34,127,4,19
Ryan Leonard,20,RW,9,1,0,1,-4,11,1,0,0,0,0,0,0,17,5.9,31,14:11,1,0,100,4,18,4,6
Ukko-Pekka Luukkonen,25,G,55,0,1,1,0,2,0,0,0,0,1,0,0,0,,0,57:41:00,0,0,,0,0,0,9
Jeff Malott,28,F,12,0,1,1,-1,7,0,0,0,0,1,0,0,13,0,28,10:17,1,1,50,7,19,2,4
Georgii Merkulov,24,F,6,0,1,1,-1,2,0,0,0,0,1,0,0,7,0,13,13:44,0,1,0,7,2,1,2
Dakota Mermis,31,D,4,0,1,1,-2,2,0,0,0,0,1,0,0,6,0,13,15:12,0,0,,4,3,0,5
Elvis Merzļikins,30,G,53,0,1,1,0,8,0,0,0,0,1,0,0,0,,0,59:50:00,0,0,,0,0,0,8
Ian Mitchell,26,D,15,0,1,1,-2,2,0,0,0,0,1,0,0,10,0,26,15:36,0,0,,23,5,5,13
Sam Montembeault,28,G,62,0,1,1,0,0,0,0,0,0,1,0,0,0,,0,57:00:00,0,0,,0,0,0,6
Ian Moore,23,D,3,0,1,1,1,0,0,0,0,0,1,0,0,4,0,9,13:38,0,0,,1,1,0,1
Sam Morton,,F,1,1,0,1,1,0,1,0,0,1,0,0,0,1,100,3,12:25,4,3,57.1,1,4,0,0
Bradly Nadeau,19,LW,2,0,1,1,0,0,0,0,0,0,1,0,0,8,0,8,11:29,0,0,,1,2,0,0
Jake Oettinger,26,G,58,0,1,1,0,0,0,0,0,0,1,0,0,0,,0,58:48:00,0,0,,0,0,0,14
Ville Ottavainen,22,D,1,0,1,1,0,0,0,0,0,0,1,0,0,1,0,4,14:24,0,0,,1,3,0,0
Zayne Parekh,18,D,1,1,0,1,3,2,1,0,0,0,0,0,0,2,50,3,20:31,0,0,,1,1,0,1
Isaak Phillips,23,D,3,1,0,1,0,0,1,0,0,0,0,0,0,3,33.3,5,11:54,0,0,,4,3,0,2
Calvin Pickard,32,G,36,0,1,1,0,0,0,0,0,0,1,0,0,0,,0,52:16:00,0,0,,0,0,0,15
Andrew Poturalski,31,C,3,0,1,1,-1,2,0,0,0,0,1,0,0,5,0,6,14:27,21,22,48.8,4,0,0,1
Samuel Poulin,23,RW,7,0,1,1,1,2,0,0,0,0,1,0,0,3,0,11,10:04,0,0,,0,10,2,7
Jonathan Quick,39,G,24,0,1,1,0,2,0,0,0,0,0,0,1,0,,0,55:14:00,0,0,,0,0,0,7
Calum Ritchie,20,C,7,1,0,1,-7,0,1,0,0,0,0,0,0,11,9.1,20,12:47,3,4,42.9,2,6,1,4
Isak Rosen,21,RW,8,0,1,1,-3,0,0,0,0,0,1,0,0,8,0,15,9:38,0,0,,2,3,1,5
Chad Ruhwedel,34,D,5,0,1,1,2,0,0,0,0,0,1,0,0,1,0,7,14:06,0,0,,5,8,1,4
Ilya Samsonov,27,G,29,0,1,1,0,4,0,0,0,0,1,0,0,0,,0,60:11:00,0,0,,0,0,0,4
Juuse Saros,29,G,58,0,1,1,0,4,0,0,0,0,0,1,0,0,,0,57:54:00,0,0,,0,0,0,24
Matthew Savoie,21,C,4,0,1,1,-4,0,0,0,0,0,1,0,0,6,0,15,12:31,4,2,66.7,1,3,1,1
Dominik Shine,31,F,9,0,1,1,-1,15,0,0,0,0,1,0,0,5,0,8,8:39,0,0,,3,16,3,5
Ilya Solovyov,24,D,5,0,1,1,-3,2,0,0,0,0,1,0,0,6,0,18,15:40,0,0,,8,12,3,6
Justin Sourdif,22,RW,1,1,0,1,1,0,1,0,0,1,0,0,0,2,50,2,9:27,0,0,,0,0,0,0
Jack St. Ivany,25,D,19,0,1,1,-3,17,0,0,0,0,1,0,0,12,0,35,16:22,0,0,,25,38,7,16
Anthony Stolarz,31,G,34,0,1,1,0,0,0,0,0,0,1,0,0,0,,0,58:26:00,0,0,,0,0,0,11
Daniil Tarasov,25,G,20,0,1,1,0,0,0,0,0,0,1,0,0,0,,0,55:01:00,0,0,,0,0,0,6
Logan Thompson,27,G,43,0,1,1,0,0,0,0,0,0,1,0,0,0,,0,58:57:00,0,0,,0,0,0,11
T.J. Tynan,32,C,9,0,1,1,-1,4,0,0,0,0,1,0,0,5,0,10,7:51,7,14,33.3,4,5,0,5
Vítek Vaněček,29,G,25,0,1,1,0,0,0,0,0,0,1,0,0,0,,0,55:45:00,0,0,,0,0,0,9
Karel Vejmelka,28,G,58,0,1,1,0,0,0,0,0,0,0,0,1,0,,0,58:04:00,0,0,,0,0,0,25
Daniel Vladař,27,G,30,0,1,1,0,2,0,0,0,0,1,0,0,0,,0,59:22:00,0,0,,0,0,0,5
Chris Wagner,33,C,28,1,0,1,-8,14,1,0,0,0,0,0,0,29,3.4,48,7:06,48,60,44.4,13,57,1,4
Taylor Ward,26,F,1,1,0,1,0,0,0,1,0,0,0,0,0,4,25,5,14:52,1,0,100,0,3,0,1
Ozzy Wiesblatt,22,RW,5,0,1,1,1,0,0,0,0,0,1,0,0,4,0,10,11:06,0,0,,3,13,0,1
Ryan Winterton,21,C,12,0,1,1,-11,2,0,0,0,0,1,0,0,15,0,24,10:50,1,1,50,6,20,1,4
Matthew Wood,19,RW,6,0,1,1,0,2,0,0,0,0,1,0,0,8,0,17,11:35,1,2,33.3,2,2,2,5
Jack Ahcan,27,D,2,0,0,0,0,2,0,0,0,0,0,0,0,1,0,3,15:48,0,0,,1,3,0,3
Alexander Alexeyev,25,D,8,0,0,0,2,0,0,0,0,0,0,0,0,7,0,15,16:04,0,0,,14,9,2,7
Jake Allen,34,G,31,0,0,0,0,0,0,0,0,0,0,0,0,1,0,1,56:04:00,0,0,,0,0,0,19
Justus Annunen,24,G,34,0,0,0,0,0,0,0,0,0,0,0,0,0,,0,52:39:00,0,0,,0,0,0,2
Rasmus Asplund,27,F,6,0,0,0,-2,2,0,0,0,0,0,0,0,2,0,3,7:56,9,6,60,2,3,4,2
Alex Barré-Boulet,27,F,2,0,0,0,-2,2,0,0,0,0,0,0,0,0,,1,10:10,0,0,,0,3,1,0
Matt Benning,30,D,7,0,0,0,-5,4,0,0,0,0,0,0,0,7,0,15,13:02,0,0,,10,9,1,4
Jordan Binnington,31,G,56,0,0,0,0,6,0,0,0,0,0,0,0,0,,1,57:50:00,0,0,,0,0,0,18
Tobias Björnfot,23,D,14,0,0,0,-3,2,0,0,0,0,0,0,0,10,0,28,13:06,0,0,,10,13,1,6
Joel Blomqvist,23,G,15,0,0,0,0,0,0,0,0,0,0,0,0,0,,0,51:30:00,0,0,,0,0,0,2
Samuel Bolduc,24,D,1,0,0,0,-1,0,0,0,0,0,0,0,0,0,,1,5:56,0,0,,0,0,0,0
Thomas Bordeleau,23,C,1,0,0,0,0,0,0,0,0,0,0,0,0,1,0,1,10:38,1,0,100,0,0,0,1
Shane Bowers,25,C,4,0,0,0,-1,0,0,0,0,0,0,0,0,2,0,2,8:15,1,0,100,1,9,1,1
Travis Boyd,31,C,3,0,0,0,0,0,0,0,0,0,0,0,0,0,,3,7:48,0,0,,3,1,0,2
Chase Bradley,23,LW,2,0,0,0,0,0,0,0,0,0,0,0,0,0,,2,5:35,0,0,,1,1,0,0
Guillaume Brisebois,27,D,3,0,0,0,0,0,0,0,0,0,0,0,0,2,0,6,15:48,0,0,,4,2,1,0
Brendan Brisson,23,C,9,0,0,0,-3,0,0,0,0,0,0,0,0,7,0,18,9:52,0,0,,0,9,1,1
Frederic Brunet,21,D,1,0,0,0,-1,0,0,0,0,0,0,0,0,2,0,4,14:23,0,0,,5,1,1,0
Hunter Brzustewicz,20,D,1,0,0,0,2,2,0,0,0,0,0,0,0,2,0,2,18:23,0,0,,0,1,1,1
Kyle Capobianco,27,D,1,0,0,0,-2,4,0,0,0,0,0,0,0,0,,1,11:23,0,0,,0,1,1,0
Nathan Clurman,26,D,1,0,0,0,0,2,0,0,0,0,0,0,0,4,0,4,11:05,0,0,,0,1,0,0
Dylan Coghlan,26,D,6,0,0,0,1,4,0,0,0,0,0,0,0,9,0,23,15:21,0,0,,7,2,2,8
Drew Commesso,22,G,2,0,0,0,0,0,0,0,0,0,0,0,0,0,,0,35:41:00,0,0,,0,0,0,0
Eric Comrie,29,G,20,0,0,0,0,0,0,0,0,0,0,0,0,0,,0,58:59:00,0,0,,0,0,0,4
Pheonix Copley,33,G,1,0,0,0,0,0,0,0,0,0,0,0,0,0,,0,27:29:00,0,0,,0,0,0,0
Sebastian Cossa,22,G,1,0,0,0,0,0,0,0,0,0,0,0,0,0,,0,45:00:00,0,0,,0,0,0,0
Cameron Crotty,25,D,1,0,0,0,-1,0,0,0,0,0,0,0,0,0,,0,5:08,0,0,,0,0,0,0
Maxwell Crozier,24,D,5,0,0,0,0,0,0,0,0,0,0,0,0,8,0,19,16:41,0,0,,6,11,0,6
Nico Daws,24,G,6,0,0,0,0,0,0,0,0,0,0,0,0,0,,0,43:49:00,0,0,,0,0,0,2
Thatcher Demko,29,G,23,0,0,0,0,0,0,0,0,0,0,0,0,0,,0,56:36:00,0,0,,0,0,0,8
Grigori Denisenko,24,LW,1,0,0,0,0,2,0,0,0,0,0,0,0,0,,2,8:27,0,1,0,0,5,0,0
Travis Dermott,28,D,19,0,0,0,-3,2,0,0,0,0,0,0,0,8,0,24,12:16,0,0,,16,6,3,9
Cam Dineen,26,D,4,0,0,0,0,0,0,0,0,0,0,0,0,8,0,19,17:11,0,0,,6,1,2,0
Jakub Dobes,23,G,16,0,0,0,0,0,0,0,0,0,0,0,0,0,,0,54:40:00,0,0,,0,0,0,3
Louis Domingue,32,G,1,0,0,0,0,0,0,0,0,0,0,0,0,0,,0,60:00:00,0,0,,0,0,0,0
Karsen Dorwart,22,F,5,0,0,0,-1,2,0,0,0,0,0,0,0,4,0,7,10:59,14,21,40,2,9,0,5
Lukáš Dostál,24,G,54,0,0,0,0,0,0,0,0,0,0,0,0,1,0,1,56:37:00,0,0,,0,0,0,14
Joshua Dunne,26,C,2,0,0,0,-3,5,0,0,0,0,0,0,0,1,0,4,7:06,2,5,28.6,2,5,0,0
Riley Duran,23,C,2,0,0,0,-1,2,0,0,0,0,0,0,0,5,0,8,12:44,1,1,50,0,6,0,1
Dalibor Dvorsky,19,C,2,0,0,0,0,0,0,0,0,0,0,0,0,2,0,2,9:25,3,3,50,0,0,0,1
Samuel Ersson,25,G,47,0,0,0,0,2,0,0,0,0,0,0,0,0,,0,55:21:00,0,0,,0,0,0,9
Ivan Fedotov,28,G,26,0,0,0,0,0,0,0,0,0,0,0,0,0,,0,54:58:00,0,0,,0,0,0,12
Tye Felhaber,26,F,5,0,0,0,-1,0,0,0,0,0,0,0,0,2,0,4,5:31,0,0,,0,7,1,0
Domenick Fensore,23,D,2,0,0,0,0,2,0,0,0,0,0,0,0,5,0,8,19:04,0,0,,3,3,0,1
Jack Finley,22,C,1,0,0,0,1,0,0,0,0,0,0,0,0,1,0,1,8:25,3,2,60,0,1,0,1
Marc-André Fleury,40,G,26,0,0,0,0,2,0,0,0,0,0,0,0,0,,0,53:28:00,0,0,,0,0,0,4
Anton Forsberg,32,G,30,0,0,0,0,0,0,0,0,0,0,0,0,0,,0,55:53:00,0,0,,0,0,0,6
Liam Foudy,24,C,2,0,0,0,-1,0,0,0,0,0,0,0,0,1,0,3,7:27,0,0,,1,0,1,0
Mark Friedman,29,D,5,0,0,0,-4,10,0,0,0,0,0,0,0,4,0,8,14:04,0,0,,6,6,2,1
Jacob Gaucher,23,F,4,0,0,0,0,0,0,0,0,0,0,0,0,3,0,4,7:21,10,5,66.7,2,4,1,0
Julien Gauthier,27,RW,1,0,0,0,0,0,0,0,0,0,0,0,0,0,,0,7:42,0,0,,0,2,0,0
Adam Ginning,25,D,1,0,0,0,-1,0,0,0,0,0,0,0,0,0,,3,12:48,0,0,,1,1,0,1
Jet Greaves,23,G,11,0,0,0,0,0,0,0,0,0,0,0,0,0,,0,60:01:00,0,0,,0,0,0,0
Nikita Grebenkin,21,RW,7,0,0,0,-3,2,0,0,0,0,0,0,0,2,0,6,8:45,1,0,100,1,13,1,1
Ryan Greene,21,C,2,0,0,0,0,0,0,0,0,0,0,0,0,1,0,8,13:12,6,12,33.3,3,0,0,3
Philipp Grubauer,33,G,26,0,0,0,0,0,0,0,0,0,0,0,0,0,,0,56:10:00,0,0,,0,0,0,11
Robert Hägg,29,D,2,0,0,0,0,0,0,0,0,0,0,0,0,0,,2,11:09,0,0,,2,11,0,0
Jani Hakanpää,32,D,2,0,0,0,-1,0,0,0,0,0,0,0,0,2,0,5,14:05,0,0,,4,1,0,6
Brian Halonen,26,F,2,0,0,0,-1,0,0,0,0,0,0,0,0,2,0,6,13:54,0,0,,1,2,1,2
Brandon Halverson,28,G,1,0,0,0,0,0,0,0,0,0,0,0,0,0,,0,57:57:00,0,0,,0,0,0,2
Rafaël Harvey-Pinard,26,LW,1,0,0,0,0,0,0,0,0,0,0,0,0,0,,0,8:54,0,0,,0,1,0,0
Dennis Hildeby,23,G,6,0,0,0,0,0,0,0,0,0,0,0,0,0,,0,60:08:00,0,0,,0,0,0,3
Adin Hill,28,G,50,0,0,0,0,4,0,0,0,0,0,0,0,0,,0,58:48:00,0,0,,0,0,0,21
Hayden Hodgson,28,RW,2,0,0,0,-2,5,0,0,0,0,0,0,0,2,0,4,8:35,0,0,,1,7,0,2
Marcus Högberg,30,G,15,0,0,0,0,0,0,0,0,0,0,0,0,0,,0,48:33:00,0,0,,0,0,0,5
Samuel Honzek,20,LW,5,0,0,0,-1,2,0,0,0,0,0,0,0,6,0,8,12:24,0,1,0,2,6,1,4
Daemon Hunt,22,D,1,0,0,0,0,0,0,0,0,0,0,0,0,2,0,5,8:01,0,0,,2,0,1,0
Ville Husso,29,G,13,0,0,0,0,0,0,0,0,0,0,0,0,0,,0,49:13:00,0,0,,0,0,0,4
Quinn Hutson,23,F,2,0,0,0,0,2,0,0,0,0,0,0,0,1,0,3,13:26,0,0,,0,0,0,4
Jere Innala,26,F,17,0,0,0,-3,2,0,0,0,0,0,0,0,8,0,21,7:09,1,2,33.3,6,20,1,2
Jan Jeník,24,RW,2,0,0,0,-1,0,0,0,0,0,0,0,0,0,,2,7:42,1,2,33.3,0,2,0,0
Jonas Johansson,29,G,19,0,0,0,0,0,0,0,0,0,0,0,0,0,,0,58:26:00,0,0,,0,0,0,6
Reese Johnson,26,F,3,0,0,0,0,0,0,0,0,0,0,0,0,1,0,3,9:32,0,0,,3,6,0,1
Ryan Johnson,23,D,3,0,0,0,-2,4,0,0,0,0,0,0,0,3,0,12,17:40,0,0,,4,1,0,2
Ben Jones,25,F,26,0,0,0,-3,10,0,0,0,0,0,0,0,24,0,51,8:23,12,13,48,11,51,2,9
Caleb Jones,27,D,6,0,0,0,-1,2,0,0,0,0,0,0,0,6,0,15,12:34,0,0,,5,10,1,3
Noah Juulsen,27,D,35,0,0,0,-12,21,0,0,0,0,0,0,0,26,0,70,16:17,0,0,,60,101,12,40
Kaapo Kähkönen,28,G,1,0,0,0,0,0,0,0,0,0,0,0,0,0,,0,58:16:00,0,0,,0,0,0,0
Devin Kaplan,21,RW,1,0,0,0,-1,0,0,0,0,0,0,0,0,0,,1,12:12,0,0,,0,1,0,0
Joakim Kemell,20,RW,2,0,0,0,0,0,0,0,0,0,0,0,0,8,0,11,10:21,0,0,,1,4,0,1
Niklas Kokko,20,G,1,0,0,0,0,0,0,0,0,0,0,0,0,0,,0,29:57:00,0,0,,0,0,0,0
Aleksei Kolosov,23,G,17,0,0,0,0,0,0,0,0,0,0,0,0,0,,0,53:03:00,0,0,,0,0,0,2
Joonas Korpisalo,30,G,27,0,0,0,0,0,0,0,0,0,0,0,0,0,,0,56:39:00,0,0,,0,0,0,4
Kirill Kudryavtsev,20,D,2,0,0,0,1,0,0,0,0,0,0,0,0,2,0,5,14:08,0,0,,5,0,0,2
Raphael Lavoie,24,C,9,0,0,0,-4,2,0,0,0,0,0,0,0,10,0,25,10:05,0,2,0,0,16,0,3
Nathan Legare,24,RW,3,0,0,0,-1,0,0,0,0,0,0,0,0,3,0,4,10:41,0,0,,1,12,0,0
Tristan Lennox,22,G,1,0,0,0,0,0,0,0,0,0,0,0,0,0,,0,4:43,0,0,,0,0,0,0
Devon Levi,23,G,9,0,0,0,0,0,0,0,0,0,0,0,0,0,,0,53:24:00,0,0,,0,0,0,0
Charlie Lindgren,31,G,39,0,0,0,0,0,0,0,0,0,0,0,0,0,,0,58:38:00,0,0,,0,0,0,9
Jake Lucchini,29,F,3,0,0,0,-2,2,0,0,0,0,0,0,0,2,0,3,11:29,1,1,50,0,2,0,0
Jett Luchanko,18,F,4,0,0,0,-3,2,0,0,0,0,0,0,0,3,0,10,14:03,17,20,45.9,0,6,1,1
Tristan Luneau,21,D,6,0,0,0,-5,2,0,0,0,0,0,0,0,6,0,16,16:33,0,0,,9,5,1,6
Alex Lyon,32,G,30,0,0,0,0,2,0,0,0,0,0,0,0,0,,0,51:59:00,0,0,,0,0,0,9
Kurtis MacDermid,30,LW,23,0,0,0,-5,23,0,0,0,0,0,0,0,7,0,15,5:47,0,0,,8,40,1,9
Connor Mackey,28,D,2,0,0,0,0,5,0,0,0,0,0,0,0,1,0,4,16:08,0,0,,1,4,0,1
James Malatesta,21,LW,2,0,0,0,-1,0,0,0,0,0,0,0,0,0,,1,10:34,1,0,100,1,6,1,4
Jacob Markström,35,G,49,0,0,0,0,0,0,0,0,0,0,0,0,1,0,1,59:15:00,0,0,,0,0,0,26
Spencer Martin,29,G,9,0,0,0,0,0,0,0,0,0,0,0,0,0,,0,46:13:00,0,0,,0,0,0,6
Carter Mazur,22,LW,1,0,0,0,0,0,0,0,0,0,0,0,0,0,,0,1:10,0,0,,0,0,0,0
Jaycob Megna,32,D,8,0,0,0,-2,2,0,0,0,0,0,0,0,5,0,14,16:06,0,0,,9,3,1,6
Jacob Melanson,21,RW,1,0,0,0,0,0,0,0,0,0,0,0,0,0,,0,9:53,0,0,,0,4,1,1
Leevi Merilainen,22,G,12,0,0,0,0,0,0,0,0,0,0,0,0,0,,0,55:15:00,0,0,,0,0,0,2
Ben Meyers,26,F,8,0,0,0,-2,2,0,0,0,0,0,0,0,4,0,10,8:21,24,25,49,1,9,1,1
Sonny Milano,28,LW,3,0,0,0,-3,0,0,0,0,0,0,0,0,4,0,4,7:13,0,0,,0,1,0,1
Michael Milne,22,LW,1,0,0,0,0,0,0,0,0,0,0,0,0,0,,0,6:34,0,0,,0,3,0,0
Trent Miner,23,G,2,0,0,0,0,0,0,0,0,0,0,0,0,0,,0,45:49:00,0,0,,0,0,0,0
Daniil Misyul,24,D,1,0,0,0,-1,0,0,0,0,0,0,0,0,0,,1,12:23,0,0,,1,1,0,1
Mason Morelli,28,F,1,0,0,0,-1,0,0,0,0,0,0,0,0,0,,1,7:31,0,0,,0,4,0,0
Petr Mrázek,32,G,38,0,0,0,0,0,0,0,0,0,0,0,0,0,,0,54:44:00,0,0,,0,0,0,8
Ty Mueller,21,C,2,0,0,0,0,2,0,0,0,0,0,0,0,1,0,2,10:18,5,10,33.3,4,1,0,1
Brett Murray,26,LW,3,0,0,0,-2,0,0,0,0,0,0,0,0,0,,0,7:55,0,0,,0,3,1,0
Matt Murray,30,G,2,0,0,0,0,0,0,0,0,0,0,0,0,0,,0,59:20:00,0,0,,0,0,0,0
Alexander Nylander,26,LW,5,0,0,0,-1,4,0,0,0,0,0,0,0,4,0,8,9:53,3,1,75,0,0,1,3
Oskar Olausson,22,RW,2,0,0,0,0,0,0,0,0,0,0,0,0,3,0,3,6:49,0,0,,2,1,0,2
Noah Ostlund,20,C,8,0,0,0,-6,2,0,0,0,0,0,0,0,4,0,13,10:33,8,14,36.4,3,1,2,4
Victor Ostman,24,G,1,0,0,0,0,0,0,0,0,0,0,0,0,0,,0,20:00,0,0,,0,0,0,0
Yaniv Perets,24,G,1,0,0,0,0,0,0,0,0,0,0,0,0,0,,0,8:12,0,0,,0,0,0,0
Gabriel Perreault,19,RW,5,0,0,0,-1,0,0,0,0,0,0,0,0,5,0,10,14:26,0,1,0,1,1,1,6
Alexander Petrovic,32,D,5,0,0,0,-2,4,0,0,0,0,0,0,0,5,0,16,14:06,0,0,,6,10,1,5
Michael Pezzetta,26,C,25,0,0,0,-2,24,0,0,0,0,0,0,0,14,0,31,5:56,2,6,25,7,73,2,9
Jason Polin,25,F,2,0,0,0,0,0,0,0,0,0,0,0,0,3,0,6,5:11,1,0,100,1,1,0,0
Vasiliy Ponomarev,22,C,7,0,0,0,-1,2,0,0,0,0,0,0,0,8,0,13,10:02,14,13,51.9,2,5,3,4
Erik Portillo,24,G,1,0,0,0,0,0,0,0,0,0,0,0,0,0,,0,58:37:00,0,0,,0,0,0,0
Cayden Primeau,25,G,11,0,0,0,0,2,0,0,0,0,0,0,0,0,,0,47:37:00,0,0,,0,0,0,2
Nikita Prishchepov,20,C,10,0,0,0,0,0,0,0,0,0,0,0,0,4,0,10,6:22,0,0,,2,10,0,2
Jacob Quillan,22,F,1,0,0,0,0,0,0,0,0,0,0,0,0,0,,1,5:21,0,0,,0,1,0,0
James Reimer,36,G,24,0,0,0,0,0,0,0,0,0,0,0,0,0,,0,56:47:00,0,0,,0,0,0,1
David Rittich,32,G,34,0,0,0,0,2,0,0,0,0,0,0,0,0,,0,54:43:00,0,0,,0,0,0,12
Matthew Robertson,23,D,2,0,0,0,3,0,0,0,0,0,0,0,0,2,0,4,17:38,0,0,,1,2,1,2
Olivier Rodrigue,24,G,2,0,0,0,0,0,0,0,0,0,0,0,0,0,,0,38:43:00,0,0,,0,0,0,0
Georgi Romanov,25,G,8,0,0,0,0,0,0,0,0,0,0,0,0,0,,0,52:07:00,0,0,,0,0,0,4
Jonas Røndbjerg,25,RW,13,0,0,0,-4,0,0,0,0,0,0,0,0,11,0,21,9:38,1,4,20,4,3,3,1
Scott Sabourin,32,F,1,0,0,0,-2,0,0,0,0,0,0,0,0,0,,1,10:27,0,0,,1,2,0,0
Steven Santini,29,D,1,0,0,0,0,0,0,0,0,0,0,0,0,1,0,3,11:37,0,0,,2,1,0,0
Akira Schmid,24,G,5,0,0,0,0,0,0,0,0,0,0,0,0,0,,0,47:37:00,0,0,,0,0,0,0
Corey Schueneman,29,D,4,0,0,0,0,0,0,0,0,0,0,0,0,4,0,9,14:03,0,0,,7,1,0,2
Jimmy Schuldt,29,D,8,0,0,0,-2,0,0,0,0,0,0,0,0,4,0,9,13:47,0,0,,5,13,1,6
Donovan Sebrango,23,D,2,0,0,0,-1,0,0,0,0,0,0,0,0,0,,2,10:19,0,0,,0,0,0,0
Conor Sheary,32,LW,5,0,0,0,-2,4,0,0,0,0,0,0,0,3,0,8,11:20,0,1,0,1,2,0,0
Hunter Shepard,29,G,1,0,0,0,0,0,0,0,0,0,0,0,0,0,,0,60:00:00,0,0,,0,0,0,0
Igor Shesterkin,29,G,61,0,0,0,0,6,0,0,0,0,0,0,0,0,,1,57:28:00,0,0,,0,0,0,19
Owen Sillinger,27,F,1,0,0,0,0,2,0,0,0,0,0,0,0,0,,1,13:09,2,3,40,1,1,1,1
Arturs Silovs,23,G,10,0,0,0,0,2,0,0,0,0,0,0,0,0,,0,54:15:00,0,0,,0,0,0,3
Jakub Skarek,25,G,2,0,0,0,0,0,0,0,0,0,0,0,0,0,,0,38:05:00,0,0,,0,0,0,0
Stuart Skinner,26,G,51,0,0,0,0,0,0,0,0,0,0,0,0,0,,0,57:42:00,0,0,,0,0,0,17
Givani Smith,26,RW,13,0,0,0,-3,18,0,0,0,0,0,0,0,5,0,10,6:20,0,0,,5,20,2,2
Arvid Söderblom,25,G,36,0,0,0,0,0,0,0,0,0,0,0,0,1,0,1,58:14:00,0,0,,0,0,0,8
Jaxson Stauber,25,G,6,0,0,0,0,0,0,0,0,0,0,0,0,0,,0,52:12:00,0,0,,0,0,0,1
Clay Stevenson,25,G,1,0,0,0,0,0,0,0,0,0,0,0,0,0,,0,60:00:00,0,0,,0,0,0,1
Ales Stezka,28,G,1,0,0,0,0,0,0,0,0,0,0,0,0,0,,0,58:20:00,0,0,,0,0,0,0
Matthew Stienburg,24,C,8,0,0,0,0,22,0,0,0,0,0,0,0,4,0,8,6:05,0,0,,1,16,0,3
Riley Stillman,26,D,5,0,0,0,-1,7,0,0,0,0,0,0,0,1,0,5,7:11,0,0,,1,8,0,4
Aydar Suniev,20,LW,1,0,0,0,2,0,0,0,0,0,0,0,0,1,0,2,14:48,0,0,,0,0,0,1
Ryan Suzuki,23,C,2,0,0,0,1,0,0,0,0,0,0,0,0,0,,1,6:36,4,3,57.1,0,2,0,0
Jeremy Swayman,26,G,58,0,0,0,0,2,0,0,0,0,0,0,0,0,,0,58:28:00,0,0,,0,0,0,21
Mads Søgaard,24,G,2,0,0,0,0,2,0,0,0,0,0,0,0,0,,0,45:47:00,0,0,,0,0,0,0
Cam Talbot,37,G,47,0,0,0,0,0,0,0,0,0,0,0,0,0,,0,56:13:00,0,0,,0,0,0,9
Dustin Tokarski,35,G,6,0,0,0,0,0,0,0,0,0,0,0,0,0,,0,59:43:00,0,0,,0,0,0,2
Nikita Tolopilo,24,G,2,0,0,0,0,0,0,0,0,0,0,0,0,0,,0,41:50:00,0,0,,0,0,0,0
Dominic Toninato,30,C,5,0,0,0,0,0,0,0,0,0,0,0,0,2,0,4,8:16,3,2,60,3,7,0,2
Riley Tufte,26,LW,6,0,0,0,-3,4,0,0,0,0,0,0,0,1,0,5,9:12,1,1,50,1,8,0,3
Ryan Ufko,21,D,1,0,0,0,0,0,0,0,0,0,0,0,0,0,,1,15:37,0,0,,0,1,0,2
Semyon Varlamov,36,G,10,0,0,0,0,0,0,0,0,0,0,0,0,0,,0,60:14:00,0,0,,0,0,0,4
Jeffrey Viel,28,F,5,0,0,0,-1,14,0,0,0,0,0,0,0,3,0,6,7:41,1,0,100,2,12,2,4
Matt Villalta,25,G,1,0,0,0,0,0,0,0,0,0,0,0,0,0,,0,60:00:00,0,0,,0,0,0,0
Jesper Wallstedt,22,G,2,0,0,0,0,2,0,0,0,0,0,0,0,0,,0,58:43:00,0,0,,0,0,0,0
Tim Washe,23,F,2,0,0,0,0,0,0,0,0,0,0,0,0,2,0,7,7:44,4,4,50,0,4,0,0
Scott Wedgewood,32,G,24,0,0,0,0,0,0,0,0,0,0,0,0,0,,0,57:13:00,0,0,,0,0,0,7
Colin White,28,C,3,0,0,0,-1,0,0,0,0,0,0,0,0,1,0,3,7:18,3,10,23.1,1,2,0,1
Jack Williams,,F,1,0,0,0,1,0,0,0,0,0,0,0,0,0,,1,11:09,5,6,45.5,1,0,1,1
Joseph Woll,26,G,42,0,0,0,0,0,0,0,0,0,0,0,0,0,,0,58:09:00,0,0,,0,0,0,12